Veldnaam;Veldnaam_export;In_gebruik;Veldtype;p_na;lower;upper;pattern;Uniek;Percentages;Distribution;Opmerkingen
NAE_Universiteit;uni;TRUE;subset;0,00000000000000;NA;NA;[A-Z]{2};FALSE;UVA: (11.9%) | VU: (10.8%) | EUR: ( 9.9%) | RUG: ( 9.0%) | RU: ( 8.9%) | MU: ( 8.8%) | UU: ( 8.5%) | LU: ( 8.1%) | TUD: ( 6.2%) | WUR: ( 6.2%) | Other: (11.7%);NA;
NAE_Cohort;cohort;TRUE;subset;0,00000000000000;NA;NA;^20[0-9]{2}\-20[0-9]{2}$;FALSE;2021-2022: (100%);NA;
NAE_Croho;croho;TRUE;character;0,00000000000000;NA;NA;NA;FALSE;M Geneeskunde: ( 4.2%) | M Business Administration: ( 4.0%) | M Psychology: ( 3.9%) | M Biomedical Sciences: ( 1.9%) | M Pedagogische Wetenschappen: ( 1.9%) | M Psychologie: ( 1.7%) | M International Business: ( 1.5%) | M Rechtsgeleerdheid: ( 1.5%) | M Nederlands Recht: ( 1.4%) | M Finance: ( 1.3%) | Other: (76.7%);NA;
NAE_Opleidingvorm;soort_opl;TRUE;subset;0,00000000000000;NA;NA;NA;FALSE;Voltijd: (97.02%) | Deeltijd: ( 2.53%) | Duaal: ( 0.46%);NA;
NAE_Hoop;hoop;TRUE;subset;0,00000000000000;NA;NA;NA;FALSE;Gedrag en maatschappij: (20.8%) | Economie: (18.0%) | Natuur: (11.6%) | Gezondheidszorg: (11.5%) | Techniek: (10.9%) | Taal en cultuur: (10.7%) | Recht: ( 9.2%) | Landbouw en natuurlijke omgeving: ( 5.4%) | Onderwijs: ( 1.3%) | Sectoroverstijgend: ( 0.6%);NA;
NAE_Geslacht;geslacht;TRUE;subset;0,00000000000000;NA;NA;NA;FALSE;Vrouw: (58.39%) | Man: (41.16%) | Onbekend: ( 0.30%) | Anders: ( 0.14%);NA;
NAE_Leeftijd;leeftijd;TRUE;numeric;0,32479249368459;0;56;NA;FALSE;25: (20.6%) | 26: (20.4%) | 27: (14.8%) | 24: (11.8%) | 28: ( 9.1%) | 29: ( 6.2%) | 23: ( 3.7%) | 30: ( 3.5%) | 31: ( 2.4%) | 32: ( 1.7%) | Other: ( 5.9%);Q1 = 25  | median = 26  | Q3 =  28  | mean = 26.8  | stdev = 3.85;
NAE_Leeftijd_cat;leeftijd_kl;TRUE;subset;0,00000000000000;NA;NA;NA;FALSE;25 jaar: (20.59%) | 26 jaar: (20.39%) | 27 jaar: (14.78%) | > 29 jaar: (12.91%) | 24 jaar: (11.76%) | 28 jaar: ( 9.12%) | 29 jaar: ( 6.17%) | <24 jaar: ( 3.95%) | Onbekend: ( 0.32%);NA;
NAE_Nationaliteit;v03d_KL;TRUE;subset;0,00000000000000;NA;NA;NA;FALSE;Nederland: (66.46%) | Europese Economische ruimte (EER): (18.93%) | Onbekend: ( 5.00%) | Azië: ( 4.87%) | Europa - niet EER: ( 2.03%) | Noord-Amerika: ( 1.24%) | Afrika: ( 0.79%) | Zuid-Amerika: ( 0.60%) | Oceanië: ( 0.06%);NA;
NAE_Woonplaats_heden;v01_prov;TRUE;subset;0,00000000000000;NA;NA;NA;FALSE;Zuid-Holland: (19.2%) | Buitenland: (18.8%) | Noord-Holland: (17.0%) | Utrecht: (10.2%) | Gelderland: ( 8.5%) | Noord-Brabant: ( 8.1%) | Onbekend: ( 6.4%) | Groningen: ( 3.4%) | Limburg: ( 3.3%) | Overijssel: ( 2.8%) | Other: ( 2.4%);NA;
NAE_Woonplaats_op_16_jarige_leeftijd;v02_prov;TRUE;subset;0,00000000000000;NA;NA;NA;FALSE;Buitenland: (32.7%) | Zuid-Holland: (11.2%) | Noord-Holland: ( 9.9%) | Noord-Brabant: ( 8.8%) | Gelderland: ( 8.5%) | Onbekend: ( 6.7%) | Utrecht: ( 5.4%) | Limburg: ( 4.2%) | Overijssel: ( 3.7%) | Drenthe: ( 2.2%) | Other: ( 6.6%);NA;
NAE_Woonplaats_laatste_jaar_opleiding;v03_prov;TRUE;subset;0,00000000000000;NA;NA;NA;FALSE;Zuid-Holland: (20.4%) | Noord-Holland: (16.3%) | Onbekend: (14.5%) | Gelderland: (11.3%) | Utrecht: ( 8.1%) | Noord-Brabant: ( 8.0%) | Buitenland: ( 5.8%) | Groningen: ( 5.6%) | Limburg: ( 5.1%) | Overijssel: ( 3.0%) | Other: ( 1.9%);NA;
NAE_Gegevens_master_correct;v04;TRUE;subset;0,00000000000000;NA;NA;NA;FALSE;Ja: (99.15%) | Nee, maar wel een andere wo-masteropleiding: ( 0.85%);NA;
NAE_Vooropleiding_toegelaten_tot_master;vM04e;TRUE;subset;0,00000000000000;NA;NA;NA;FALSE;Wo-bacheloropleiding: (76.3%) | Pre-master / schakelprogramma: (14.9%) | Een ander soort opleiding: ( 4.4%) | Hbo-bacheloropleiding: ( 4.4%);NA;
NAE_Vooropleiding_bachelor_beginjaar;vM04f2_c;TRUE;character;0,00000000000000;NA;NA;NA;FALSE;Doorverwijzing: (23.75%) | 2016: (18.90%) | 2017: (16.78%) | 2015: (15.00%) | 2018: ( 8.53%) | 2014: ( 7.33%) | 2013: ( 3.79%) | 2012: ( 1.74%) | 2011: ( 1.03%) | 2019: ( 0.75%) | Other: ( 2.41%);Q1 = 2015  | median = 2016  | Q3 =  2017  | mean = 2016  | stdev = 2.45;
NAE_Vooropleiding_bachelor_beginmaand;vM04f2_d;TRUE;subset;0,00000000000000;NA;NA;NA;FALSE;September: (64.95%) | Doorverwijzing: (23.75%) | Augustus: ( 5.17%) | Oktober: ( 3.28%) | Januari: ( 0.59%) | Juli: ( 0.59%) | Februari: ( 0.48%) | Juni: ( 0.43%) | Maart: ( 0.36%) | April: ( 0.18%) | Other: ( 0.22%);NA;
NAE_Vooropleiding_bachelor_afstudeerjaar;vM04f2_e;TRUE;character;0,00000000000000;NA;NA;NA;FALSE;Doorverwijzing: (23.75%) | 2020: (23.08%) | 2019: (18.68%) | 2021: (16.55%) | 2018: ( 9.91%) | 2017: ( 3.67%) | 2016: ( 1.52%) | 2015: ( 0.84%) | 2014: ( 0.55%) | 2013: ( 0.52%) | Other: ( 0.93%);Q1 = 2019  | median = 2020  | Q3 =  2020  | mean = 2019  | stdev = 2.03;
NAE_Vooropleiding_bachelor_afstudeermaand;vM04f2_f;TRUE;subset;0,00000000000000;NA;NA;NA;FALSE;Doorverwijzing: (23.7%) | Juli: (23.4%) | Augustus: (15.8%) | Juni: (15.4%) | September: ( 3.9%) | Februari: ( 3.3%) | Mei: ( 3.2%) | Januari: ( 3.1%) | December: ( 2.3%) | Oktober: ( 1.6%) | Other: ( 4.3%);NA;
NAE_Vooropleiding_premaster_afstudeerjaar;vM04g_c;TRUE;subset;0,00000000000000;NA;NA;NA;FALSE;Doorverwijzing: (85.060%) | 2021: ( 8.228%) | 2020: ( 4.174%) | 2019: ( 1.828%) | 2018: ( 0.421%) | 2017: ( 0.132%) | 2015: ( 0.048%) | 2016: ( 0.048%) | 2013: ( 0.024%) | 1988: ( 0.012%) | Other: ( 0.024%);Q1 = 2020  | median = 2021  | Q3 =  2021  | mean = 2020  | stdev = 1.49;
NAE_Vooropleiding_premaster_afstudeermaand;vM04g_d;TRUE;subset;0,00000000000000;NA;NA;NA;FALSE;Doorverwijzing: (85.06%) | Juli: ( 4.72%) | Juni: ( 3.18%) | Augustus: ( 1.97%) | Januari: ( 1.73%) | Februari: ( 1.08%) | September: ( 0.76%) | December: ( 0.65%) | Mei: ( 0.26%) | April: ( 0.25%) | Other: ( 0.34%);NA;
NAE_Vooropleiding_afstudeerjaar;vM04h_c;TRUE;character;0,00000000000000;NA;NA;NA;FALSE;Doorverwijzing: (91.19%) | 2021: ( 2.30%) | 2020: ( 2.14%) | 2019: ( 1.48%) | 2018: ( 0.87%) | 2017: ( 0.43%) | 2016: ( 0.42%) | 2015: ( 0.22%) | 2014: ( 0.20%) | 2013: ( 0.18%) | Other: ( 0.57%);Q1 = 2018  | median = 2020  | Q3 =  2021  | mean = 2018  | stdev = 4.35;
NAE_Vooropleiding_afstudeermaand;vM04h_d;TRUE;subset;0,00000000000000;NA;NA;NA;FALSE;Doorverwijzing: (91.19%) | Juli: ( 2.33%) | Juni: ( 1.54%) | Augustus: ( 1.30%) | September: ( 0.89%) | December: ( 0.42%) | Februari: ( 0.41%) | Oktober: ( 0.41%) | Mei: ( 0.40%) | Maart: ( 0.35%) | Other: ( 0.76%);NA;
NAE_Stage_gelopen_in_nederland;v05a__1;TRUE;subset;0,00000000000000;NA;NA;NA;FALSE;Nee: (52%) | Ja: (48%);NA;
NAE_Stage_gelopen_in_buitenland;v05a__2;TRUE;subset;0,00000000000000;NA;NA;NA;FALSE;Nee: (91.5%) | Ja: ( 8.5%);NA;
NAE_Stage_gelopen;v05a__3;TRUE;subset;0,00000000000000;NA;NA;NA;FALSE;Nee: (55%) | Ja: (45%);NA;
NAE_Stage_buitenland_via_Erasmus_programme;v05b;TRUE;subset;0,00000000000000;NA;NA;NA;FALSE;Doorverwijzing: (91.5%) | Nee: ( 6.2%) | Ja: ( 2.2%);NA;
NAE_Stage_gelopen_in_nederland_tijdens_bachelor;v05c__1;TRUE;subset;0,00000000000000;NA;NA;NA;FALSE;Nee: (71%) | Ja: (29%);NA;
NAE_Stage_gelopen_in_buitenland_tijdens_bachelor;v05c__2;TRUE;subset;0,00000000000000;NA;NA;NA;FALSE;Nee: (80%) | Ja: (20%);NA;
NAE_Stage_gelopen_tijdens_bachelor;v05c__3;TRUE;subset;0,00000000000000;NA;NA;NA;FALSE;Ja: (53%) | Nee: (47%);NA;
NAE_Stage_buitenland_tijdens_bachelor_via_Erasmus_programme;v05d;TRUE;subset;0,00000000000000;NA;NA;NA;FALSE;Doorverwijzing: (79.5%) | Nee: (17.6%) | Ja: ( 2.9%);NA;
NAE_Extracurriculaire_activiteiten;v06a__1;TRUE;subset;0,00000000000000;NA;NA;NA;FALSE;Nee: (61%) | Ja: (39%);NA;
NAE_Extracurriculaire_activiteiten_relevante_bijbaan;v06a__2;TRUE;subset;0,00000000000000;NA;NA;NA;FALSE;Ja: (57%) | Nee: (43%);NA;
NAE_Extracurriculaire_activiteiten_overige_bijbaan;v06a__3;TRUE;subset;0,00000000000000;NA;NA;NA;FALSE;Nee: (74%) | Ja: (26%);NA;
NAE_Extracurriculaire_activiteiten_studentassistentschap;v06a__4;TRUE;subset;0,00000000000000;NA;NA;NA;FALSE;Nee: (65%) | Ja: (35%);NA;
NAE_Extracurriculaire_activiteiten_vrijwilligerswerk;v06a__5;TRUE;subset;0,00000000000000;NA;NA;NA;FALSE;Nee: (89%) | Ja: (11%);NA;
NAE_Extracurriculaire_activiteiten_honours;v06a__6;TRUE;subset;0,00000000000000;NA;NA;NA;FALSE;Nee: (84%) | Ja: (16%);NA;
NAE_Extracurriculaire_activiteiten_stage_buiten_opleiding;v06a__7;TRUE;subset;0,00000000000000;NA;NA;NA;FALSE;Nee: (95.4%) | Ja: ( 4.6%);NA;
NAE_Extracurriculaire_activiteiten_bedrijf_opgericht;v06a__8;TRUE;subset;0,00000000000000;NA;NA;NA;FALSE;Nee: (94.9%) | Ja: ( 5.1%);NA;
NAE_Extracurriculaire_activiteiten_studentpoltiek_medezeggenschapsraad;v06a__9;TRUE;subset;0,00000000000000;NA;NA;NA;FALSE;Nee: (80%) | Ja: (20%);NA;
NAE_Extracurriculaire_activiteiten_bestuurslid_vereniging;v06a__10;TRUE;subset;0,00000000000000;NA;NA;NA;FALSE;Nee: (65%) | Ja: (35%);NA;
NAE_Extracurriculaire_activiteiten_commissielid_vereniging;v06a__11;TRUE;subset;0,00000000000000;NA;NA;NA;FALSE;Nee: (90.8%) | Ja: ( 9.2%);NA;
NAE_Extracurriculaire_activiteiten_overig;v06a__12;TRUE;subset;0,00000000000000;NA;NA;NA;FALSE;Nee: (93%) | Ja: ( 7%);NA;
NAE_Tijdens_master_onderwijs_gevolgd_in_ander_land;v06b;TRUE;subset;0,00000000000000;NA;NA;NA;FALSE;Nee: (92.8%) | Ja: ( 7.2%);NA;
NAE_Tijdens_master_onderwijs_gevolgd_in_ander_land_via_erasmus_prgramme;v06b1;TRUE;subset;0,00000000000000;NA;NA;NA;FALSE;Doorverwijzing: (92.8%) | Nee: ( 4.2%) | Ja: ( 2.9%);NA;
NAE_Voorafgaand_master_onderwijs_gevolgd_in_ander_land;v06c;TRUE;subset;0,00000000000000;NA;NA;NA;FALSE;Nee: (79%) | Ja: (21%);NA;
NAE_Voorafgaand_master_onderwijs_gevolgd_in_ander_land_via_erasmus_prgramme;v06c1;TRUE;subset;0,00000000000000;NA;NA;NA;FALSE;Doorverwijzing: (79%) | Ja: (11%) | Nee: (11%);NA;
NAE_Gemiddeld_cijfer;v07;TRUE;subset;0,00000000000000;NA;NA;NA;FALSE;7,5: (33.802%) | 8: (26.080%) | 7: (20.318%) | 8,5: (12.162%) | 6,5: ( 4.282%) | 9: ( 2.646%) | 9,5: ( 0.373%) | 6: ( 0.313%) | 10: ( 0.024%);Q1 = 7  | median = 8  | Q3 =  8  | mean = 7.63  | stdev = 0.597;
NAE_Promotietraject_na_afronden_master;v08a__2;TRUE;subset;0,00000000000000;NA;NA;NA;FALSE;Nee: (87%) | Ja: (13%);NA;
NAE_Universitaire_lerarenopleiding_na_afronden_master;v08a__3;TRUE;subset;0,00000000000000;NA;NA;NA;FALSE;Nee: (99%) | Ja: ( 1%);NA;
NAE_postdoc_na_afronden_master;v08a__4;TRUE;subset;0,00000000000000;NA;NA;NA;FALSE;Nee: (97.9%) | Ja: ( 2.1%);NA;
NAE_postinitiele_opleiding_na_afronden_master;v08a__5;TRUE;subset;0,00000000000000;NA;NA;NA;FALSE;Nee: (98.9%) | Ja: ( 1.1%);NA;
NAE_WO_bachelor_na_afronden_master;v08a__6;TRUE;subset;0,00000000000000;NA;NA;NA;FALSE;Nee: ( 99.71%) | Ja: (  0.29%);NA;
NAE_WO_master_na_afronden_master;v08a__7;TRUE;subset;0,00000000000000;NA;NA;NA;FALSE;Nee: (94%) | Ja: ( 6%);NA;
NAE_Andere_opleiding_na_afronden_master;v08a__8;TRUE;subset;0,00000000000000;NA;NA;NA;FALSE;Nee: (97.4%) | Ja: ( 2.6%);NA;
NAE_Geen_opleiding_begonnen_na_afronden_master;v08a__1;TRUE;subset;0,00000000000000;NA;NA;NA;FALSE;Ja: (75%) | Nee: (25%);NA;
NAE_Huidige_status_promotietraject;v08b_a;TRUE;subset;0,00000000000000;NA;NA;NA;FALSE;Doorverwijzing: (87.405%) | Ik volg deze opleiding nog steeds: (12.102%) | Ik heb de opleiding zonder diploma of certificaat verlaten: ( 0.349%) | Ik heb mijn diploma of certificaat behaald: ( 0.120%) | Ik ben tijdelijk gestopt met de opleiding: ( 0.024%);NA;
NAE_Huidige_status_universitaire_lerarenopleiding;v08b_b;TRUE;subset;0,00000000000000;NA;NA;NA;FALSE;Doorverwijzing: (98.978%) | Ik heb mijn diploma of certificaat behaald: ( 0.601%) | Ik volg deze opleiding nog steeds: ( 0.313%) | Ik heb de opleiding zonder diploma of certificaat verlaten: ( 0.072%) | Ik ben tijdelijk gestopt met de opleiding: ( 0.036%);NA;
NAE_Huidige_status_postdoc;v08b_c;TRUE;subset;0,00000000000000;NA;NA;NA;FALSE;Doorverwijzing: (97.871%) | Ik volg deze opleiding nog steeds: ( 1.840%) | Ik heb mijn diploma of certificaat behaald: ( 0.229%) | Ik heb de opleiding zonder diploma of certificaat verlaten: ( 0.036%) | Ik ben tijdelijk gestopt met de opleiding: ( 0.024%);NA;
NAE_Huidige_status_postinitiele_opleiding;v08b_d;TRUE;subset;0,00000000000000;NA;NA;NA;FALSE;Doorverwijzing: (98.893%) | Ik volg deze opleiding nog steeds: ( 0.806%) | Ik heb mijn diploma of certificaat behaald: ( 0.253%) | Ik ben tijdelijk gestopt met de opleiding: ( 0.024%) | Ik heb de opleiding zonder diploma of certificaat verlaten: ( 0.024%);NA;
NAE_Huidige_status_WO_bachelor;v08b_e;TRUE;subset;0,00000000000000;NA;NA;NA;FALSE;Doorverwijzing: ( 99.711%) | Ik volg deze opleiding nog steeds: (  0.144%) | Ik heb mijn diploma of certificaat behaald: (  0.120%) | Ik ben tijdelijk gestopt met de opleiding: (  0.012%) | Ik heb de opleiding zonder diploma of certificaat verlaten: (  0.012%);NA;
NAE_Huidige_status_WO_master;v08b_f;TRUE;subset;0,00000000000000;NA;NA;NA;FALSE;Doorverwijzing: (93.997%) | Ik heb mijn diploma of certificaat behaald: ( 4.042%) | Ik volg deze opleiding nog steeds: ( 1.552%) | Ik heb de opleiding zonder diploma of certificaat verlaten: ( 0.361%) | Ik ben tijdelijk gestopt met de opleiding: ( 0.048%);NA;
NAE_Huidige_status_andere_opleiding;v08b_g;TRUE;subset;0,00000000000000;NA;NA;NA;FALSE;Doorverwijzing: (97.366%) | Ik volg deze opleiding nog steeds: ( 1.720%) | Ik heb mijn diploma of certificaat behaald: ( 0.794%) | Ik heb de opleiding zonder diploma of certificaat verlaten: ( 0.096%) | Ik ben tijdelijk gestopt met de opleiding: ( 0.024%);NA;
NAE_Betaalde_stage_na_afronden_master;v08c__2;TRUE;subset;0,00000000000000;NA;NA;NA;FALSE;Nee: (86%) | Ja: (14%);NA;
NAE_Onbetaalde_stage_na_afronden_master;v08c__3;TRUE;subset;0,00000000000000;NA;NA;NA;FALSE;Nee: (97.1%) | Ja: ( 2.9%);NA;
NAE_Geen_stage_na_afronden_master;v08c__1;TRUE;subset;0,00000000000000;NA;NA;NA;FALSE;Ja: (83%) | Nee: (17%);NA;
NAE_Stage_totaal_aantal_weken;v08d_1;TRUE;character;0,00000000000000;NA;NA;NA;FALSE;Doorverwijzing: (83.27%) | 52: ( 1.72%) | 24: ( 1.70%) | 20: ( 1.43%) | 12: ( 1.36%) | 8: ( 0.91%) | 26: ( 0.82%) | 16: ( 0.78%) | 40: ( 0.69%) | 100: ( 0.54%) | Other: ( 6.78%);Q1 = 16  | median = 24  | Q3 =  48  | mean = 31.4  | stdev = 21.9;
NAE_Stage_gemiddeld_aantal_uur_per_week;v08d_2;TRUE;character;0,00000000000000;NA;NA;NA;FALSE;Doorverwijzing: (83.27%) | 40: ( 7.86%) | 32: ( 1.05%) | 36: ( 0.82%) | 20: ( 0.77%) | 24: ( 0.77%) | 38: ( 0.66%) | 8: ( 0.53%) | 30: ( 0.48%) | 35: ( 0.46%) | Other: ( 3.34%);Q1 = 30  | median = 40  | Q3 =  40  | mean = 33.9  | stdev = 12.2;
NAE_Betaald_werk_verricht_sinds_afronden_master;v09a;TRUE;subset;0,00000000000000;NA;NA;NA;FALSE;Ja: (95.2%) | Nee: ( 4.8%);NA;
NAE_Aantal_maanden_tussen_afstudeerdatum_master_en_eerste_betaalde_baan;v09b;TRUE;character;0,00000000000000;NA;NA;NA;FALSE;0: (32.6%) | 1: (14.2%) | 2: (12.8%) | 3: ( 9.6%) | 6: ( 5.4%) | 4: ( 5.4%) | Doorverwijzing: ( 4.8%) | 5: ( 4.0%) | 12: ( 2.3%) | 7: ( 2.1%) | Other: ( 6.7%);Q1 = 0  | median = 2  | Q3 =  4  | mean = 2.7  | stdev = 3.45;
NAE_Aantal_maanden_op_zoek_geweest_naar_werk;v09c;TRUE;character;0,00000000000000;NA;NA;NA;FALSE;Doorverwijzing: (37.46%) | 1: (18.99%) | 0: (12.74%) | 2: (11.33%) | 3: ( 7.17%) | 4: ( 3.91%) | 6: ( 2.48%) | 5: ( 2.36%) | 8: ( 0.77%) | 7: ( 0.72%) | Other: ( 2.07%);Q1 = 1  | median = 1  | Q3 =  3  | mean = 2.24  | stdev = 2.49;
NAE_Aantal_maanden_tussen_afstudeerdatum_master_en_eerste_betaalde_baan_op_zoek_geweest;v09d;TRUE;character;0,00000000000000;NA;NA;NA;FALSE;Doorverwijzing: (95.15%) | 0: ( 1.47%) | 12: ( 0.58%) | 2: ( 0.34%) | 4: ( 0.26%) | 3: ( 0.24%) | 6: ( 0.24%) | 14: ( 0.23%) | 1: ( 0.19%) | 13: ( 0.18%) | Other: ( 1.12%);Q1 = 0  | median = 4  | Q3 =  12  | mean = 6.9  | stdev = 7.13;
NAE_Huidige_situatie;v10a;TRUE;subset;0,00000000000000;NA;NA;NA;FALSE;Ik werk in loondienst: (69.59%) | Ik volg een promotietraject: (11.20%) | Ik volg een traineeship: ( 6.36%) | Ik ben werkloos: ( 3.86%) | Anders, namelijk:: ( 2.66%) | Ik ben freelancer / zzp’er: ( 2.50%) | Ik volg een studie: ( 1.79%) | Ik doe een stage / werkervaringstraject: ( 0.81%) | Ik werk als uitzend- / oproepkracht: ( 0.67%) | Ik ben zelfstandig ondernemer met personeel: ( 0.34%) | Other: ( 0.22%);NA;
NSE_Voorkeur_situatie;v10b;TRUE;subset;0,00000000000000;NA;NA;NA;FALSE;Werken in loondienst: (64.13%) | Volgen van een promotietraject: (16.23%) | Een traineeship volgen: ( 5.74%) | Werken als freelancer / zzp’er: ( 3.64%) | Werken als zelfstandig ondernemer met personeel: ( 3.57%) | Volgen van een studie: ( 2.66%) | Anders, namelijk:: ( 1.98%) | (Tijdelijk) niet actief zijn op de arbeidsmarkt: ( 1.26%) | Een stage of werkervaringstraject doen: ( 0.43%) | Werken in het bedrijf van mijn ouders/partner: ( 0.19%) | Other: ( 0.16%);NA;
NAE_Momenteel_betaal_werk;v11;TRUE;subset;0,00000000000000;NA;NA;NA;FALSE;Ja: (93.3%) | Nee: ( 6.7%);NA;
berbv;berbv;TRUE;subset;0,00000000000000;NA;NA;NA;FALSE;Werkzame beroepsbevolking: (91.3%) | Werkloze beroepsbevolking: ( 4.4%) | Onbekend: ( 4.3%);NA;
berbv1uur;berbv1uur;TRUE;subset;0,00000000000000;NA;NA;NA;FALSE;Werkzame beroepsbevolking obv minimaal 1 uur: (92.0%) | Onbekend: ( 4.1%) | Werkloze beroepsbevolking obv minimiaal 1 uur: ( 3.9%);NA;
NAE_Aantal_contracturen_reguliere_baan;v12_a;TRUE;character;0,00000000000000;NA;NA;NA;FALSE;40: (45.13%) | 36: (17.29%) | 32: ( 9.38%) | Doorverwijzing: ( 6.68%) | 38: ( 6.38%) | 24: ( 1.72%) | 30: ( 1.09%) | 28: ( 1.03%) | 20: ( 0.96%) | 35: ( 0.96%) | Other: ( 9.37%);Q1 = 36  | median = 40  | Q3 =  40  | mean = 36.5  | stdev = 7;
NAE_Aantal_contracturen_andere_baan;v12_b;TRUE;character;0,00000000000000;NA;NA;NA;FALSE;0: (79.78%) | Doorverwijzing: ( 6.68%) | 40: ( 3.25%) | 8: ( 1.23%) | 4: ( 0.88%) | 2: ( 0.75%) | 10: ( 0.66%) | 20: ( 0.64%) | 36: ( 0.60%) | 5: ( 0.59%) | Other: ( 4.96%);Q1 = 0  | median = 0  | Q3 =  0  | mean = 3.08  | stdev = 9.63;
NAE_Aantal_contracturen_totaal_baan;v12totaal;TRUE;numeric;6,86875977384819;2;120;NA;FALSE;40: (41.25%) | 36: (16.04%) | 32: ( 8.52%) | 38: ( 5.85%) | 80: ( 2.80%) | 30: ( 1.08%) | 24: ( 1.07%) | 39: ( 0.89%) | 35: ( 0.88%) | Other: (21.63%);Q1 = 36  | median = 40  | Q3 =  40  | mean = 39.6  | stdev = 11.3;
NAE_Bruto_inkomen_reguliere_baan;v13_a;TRUE;character;0,00000000000000;NA;NA;NA;FALSE;Onbekend: (11.5%) | Doorverwijzing: ( 6.7%) | 3000: ( 3.1%) | 3200: ( 2.7%) | 3500: ( 2.7%) | 4000: ( 2.2%) | 3100: ( 2.0%) | 3300: ( 2.0%) | 2800: ( 1.9%) | 3600: ( 1.8%) | Other: (63.4%);Q1 = 2789  | median = 3250  | Q3 =  3864  | mean = 3346  | stdev = 1246;
NAE_Bruto_inkomen_reguliere_baan_overuren;v13_b;TRUE;character;0,00000000000000;NA;NA;NA;FALSE;0: (76.89%) | Onbekend: (11.74%) | Doorverwijzing: ( 6.68%) | 1: ( 0.82%) | 100: ( 0.38%) | 200: ( 0.38%) | 500: ( 0.31%) | 300: ( 0.29%) | 1000: ( 0.17%) | 400: ( 0.17%) | Other: ( 2.17%);Q1 = 0  | median = 0  | Q3 =  0  | mean = 51.3  | stdev = 394;
NAE_Bruto_inkomen_andere_baan;v13_c;TRUE;character;0,00000000000000;NA;NA;NA;FALSE;0: (71.63%) | Onbekend: (11.73%) | Doorverwijzing: ( 6.68%) | 1: ( 2.21%) | 500: ( 0.55%) | 200: ( 0.51%) | 100: ( 0.49%) | 1000: ( 0.46%) | 300: ( 0.46%) | 400: ( 0.45%) | Other: ( 4.84%);Q1 = 0  | median = 0  | Q3 =  0  | mean = 95  | stdev = 538;
NAE_Bruto_inkomen_totaal_baan;v13totaal;TRUE;numeric;18,45302538193192;1;36000;NA;FALSE;3000: ( 2.7%) | 3500: ( 2.5%) | 3200: ( 2.5%) | 4000: ( 2.1%) | 3300: ( 2.0%) | 3100: ( 1.9%) | 3600: ( 1.8%) | 2800: ( 1.7%) | 2500: ( 1.6%) | Other: (81.0%);Q1 = 2800  | median = 3300  | Q3 =  3955  | mean = 3458  | stdev = 1348;
NAE_Bruto_uurloon_reguliere_baan;uurloonreg;TRUE;numeric;0,00000000000000;-2;220;NA;FALSE;-1: (12.3%) | -2: ( 6.7%) | 23.0769230769231: ( 2.7%) | 17.3076923076923: ( 2.5%) | 20.1923076923077: ( 2.4%) | 18.4615384615385: ( 1.6%) | 19.0384615384615: ( 1.3%) | 17.8846153846154: ( 1.2%) | 14.4230769230769: ( 1.2%) | 28.8461538461538: ( 1.1%) | Other: (67.0%);Q1 = 13.8461538461538  | median = 19.0384615384615  | Q3 =  23.0769230769231  | mean = 17  | stdev = 11.5;
NAE_Bruto_uurloon_totaal;uurloontot;TRUE;numeric;0,00000000000000;-2;277;NA;FALSE;-1: (11.9%) | -2: ( 6.7%) | 23.0769230769231: ( 2.5%) | 17.3076923076923: ( 2.3%) | 20.1923076923077: ( 2.2%) | 18.4615384615385: ( 1.5%) | 19.0384615384615: ( 1.3%) | 17.8846153846154: ( 1.1%) | 14.4230769230769: ( 1.1%) | 20.7692307692308: ( 1.0%) | Other: (68.4%);Q1 = 12.6923076923077  | median = 18.7604895104895  | Q3 =  22.9038461538462  | mean = 16.8  | stdev = 11.8;
NAE_Arbeidscontract;v14;TRUE;subset;0,00000000000000;NA;NA;NA;FALSE;Vast contract: (41.814%) | Tijdelijk contract met uitzicht op vast contract: (26.585%) | Tijdelijk contract zonder uitzicht op vast contract: (17.058%) | Doorverwijzing: ( 9.515%) | Anders namelijk:: ( 1.540%) | Detacheringscontract: ( 1.347%) | Nulurencontract: ( 0.986%) | Uitzendcontract: ( 0.601%) | Geen contract: ( 0.325%) | Oproepcontract met voorovereenkomst: ( 0.144%) | Other: ( 0.084%);NA;
NAE_Mate_goede_carrieremogelijkheden_huidige_functie;v15a;TRUE;subset;0,00000000000000;NA;NA;NA;FALSE;In sterke mate: (42.2%) | In zeer sterke mate: (21.7%) | In enige mate: (20.1%) | Doorverwijzing: ( 6.7%) | In geringe mate: ( 6.3%) | In zeer geringe mate: ( 3.0%);NA;
NAE_Tevredenheid_huidige_functie;v15b;TRUE;subset;0,00000000000000;NA;NA;NA;FALSE;Tevreden: (48.3%) | Zeer tevreden: (25.9%) | Niet ontevreden / niet tevreden: (11.9%) | Doorverwijzing: ( 6.7%) | Ontevreden: ( 5.5%) | Zeer ontevreden: ( 1.7%);NA;
NAE_Tevredenheid_huidige_functie_ontwikkelingsmogelijkheden;v15c_1;TRUE;subset;0,00000000000000;NA;NA;NA;FALSE;Tevreden: (44.1%) | Zeer tevreden: (25.8%) | Niet ontevreden / niet tevreden: (13.7%) | Ontevreden: ( 7.2%) | Doorverwijzing: ( 6.7%) | Zeer ontevreden: ( 2.5%);NA;
NAE_Tevredenheid_huidige_functie_inkomsten;v15c_2;TRUE;subset;0,00000000000000;NA;NA;NA;FALSE;Tevreden: (43.1%) | Niet ontevreden / niet tevreden: (19.0%) | Zeer tevreden: (17.1%) | Ontevreden: (11.2%) | Doorverwijzing: ( 6.7%) | Zeer ontevreden: ( 2.9%);NA;
NAE_Tevredenheid_huidige_functie_overige_arbeidsvoorwaarden;v15c_3;TRUE;subset;0,00000000000000;NA;NA;NA;FALSE;Tevreden: (40.1%) | Zeer tevreden: (23.3%) | Niet ontevreden / niet tevreden: (16.7%) | Doorverwijzing: ( 9.5%) | Ontevreden: ( 8.2%) | Zeer ontevreden: ( 2.1%);NA;
NAE_Tevredenheid_huidige_functie_carriremogelijkheden;v15c_4;TRUE;subset;0,00000000000000;NA;NA;NA;FALSE;Tevreden: (47.5%) | Zeer tevreden: (19.6%) | Niet ontevreden / niet tevreden: (16.7%) | Ontevreden: ( 7.5%) | Doorverwijzing: ( 6.7%) | Zeer ontevreden: ( 2.0%);NA;
NAE_Tevredenheid_huidige_functie_aard_werkzaamheden;v15c_5;TRUE;subset;0,00000000000000;NA;NA;NA;FALSE;Tevreden: (47.6%) | Zeer tevreden: (25.5%) | Niet ontevreden / niet tevreden: (13.4%) | Doorverwijzing: ( 6.7%) | Ontevreden: ( 5.4%) | Zeer ontevreden: ( 1.5%);NA;
NAE_Tevredenheid_huidige_functie_aansluiting_persoonlijke_kwaliteiten;v15c_6;TRUE;subset;0,00000000000000;NA;NA;NA;FALSE;Tevreden: (45.4%) | Zeer tevreden: (26.2%) | Niet ontevreden / niet tevreden: (13.7%) | Doorverwijzing: ( 6.7%) | Ontevreden: ( 6.1%) | Zeer ontevreden: ( 1.9%);NA;
NAE_Tevredenheid_huidige_functie_aansluiting_master_stof;v15c_7;TRUE;subset;0,00000000000000;NA;NA;NA;FALSE;Tevreden: (34.8%) | Niet ontevreden / niet tevreden: (23.2%) | Zeer tevreden: (17.5%) | Ontevreden: (12.2%) | Doorverwijzing: ( 6.7%) | Zeer ontevreden: ( 5.7%);NA;
NAE_Tevredenheid_huidige_functie_aansluiting_master_vaardigheden;v15c_8;TRUE;subset;0,00000000000000;NA;NA;NA;FALSE;Tevreden: (41.0%) | Niet ontevreden / niet tevreden: (21.2%) | Zeer tevreden: (17.1%) | Ontevreden: ( 9.6%) | Doorverwijzing: ( 6.7%) | Zeer ontevreden: ( 4.3%);NA;
NAE_Momenteel_op_zoek_naar_ander_betaal_werk;v15d;TRUE;subset;0,00000000000000;NA;NA;NA;FALSE;Nee: (76%) | Ja: (24%);NA;
NAE_Belangrijkste_reden_ander_betaal_werk_loopbaanperspectief;v15e__1;TRUE;subset;0,00000000000000;NA;NA;NA;FALSE;Doorverwijzing: (75.6%) | Ja: (16.8%) | Nee: ( 7.7%);NA;
NAE_Belangrijkste_reden_ander_betaal_werk_loonperspectief;v15e__2;TRUE;subset;0,00000000000000;NA;NA;NA;FALSE;Doorverwijzing: (76%) | Ja: (14%) | Nee: (10%);NA;
NAE_Belangrijkste_reden_ander_betaal_werk_collegas;v15e__3;TRUE;subset;0,00000000000000;NA;NA;NA;FALSE;Doorverwijzing: (75.6%) | Nee: (20.3%) | Ja: ( 4.2%);NA;
NAE_Belangrijkste_reden_ander_betaal_werk_locatie;v15e__4;TRUE;subset;0,00000000000000;NA;NA;NA;FALSE;Doorverwijzing: (75.6%) | Nee: (18.6%) | Ja: ( 5.8%);NA;
NAE_Belangrijkste_reden_ander_betaal_werk_contractvorm;v15e__5;TRUE;subset;0,00000000000000;NA;NA;NA;FALSE;Doorverwijzing: (75.6%) | Nee: (19.7%) | Ja: ( 4.8%);NA;
NAE_Belangrijkste_reden_ander_betaal_werk_niveau_functie;v15e__6;TRUE;subset;0,00000000000000;NA;NA;NA;FALSE;Doorverwijzing: (75.6%) | Nee: (16.7%) | Ja: ( 7.8%);NA;
NAE_Belangrijkste_reden_ander_betaal_werk_inhoud_functie;v15e__7;TRUE;subset;0,00000000000000;NA;NA;NA;FALSE;Doorverwijzing: (76%) | Ja: (13%) | Nee: (11%);NA;
NAE_Belangrijkste_reden_ander_betaal_werk_anders;v15e__8;TRUE;subset;0,00000000000000;NA;NA;NA;FALSE;Doorverwijzing: (75.6%) | Nee: (22.2%) | Ja: ( 2.2%);NA;
NAE_Begindatum_huidige_functie_maand;v17a;TRUE;subset;0,00000000000000;NA;NA;NA;FALSE;September: (19.7%) | Oktober: (12.0%) | Augustus: ( 8.1%) | November: ( 7.9%) | Januari: ( 7.5%) | Doorverwijzing: ( 6.7%) | Maart: ( 6.5%) | Februari: ( 6.0%) | April: ( 5.9%) | Mei: ( 5.5%) | Other: (14.2%);NA;
NAE_Begindatum_huidige_functie_jaar;v17b;TRUE;character;0,00000000000000;NA;NA;NA;FALSE;2022: (45.772%) | 2023: (39.059%) | Doorverwijzing: ( 6.676%) | 2021: ( 5.473%) | 2020: ( 0.914%) | 2019: ( 0.698%) | 2018: ( 0.493%) | 2017: ( 0.289%) | 2016: ( 0.120%) | 2014: ( 0.084%) | Other: ( 0.421%);Q1 = 2022  | median = 2022  | Q3 =  2023  | mean = 2022  | stdev = 1.33;
NAE_Werkgever_provincie;v18_prov;TRUE;subset;0,00000000000000;NA;NA;NA;FALSE;Noord-Holland: (19.5%) | Zuid-Holland: (17.7%) | Buitenland: (16.5%) | Utrecht: (11.1%) | Noord-Brabant: ( 8.2%) | Gelderland: ( 7.3%) | Doorverwijzing: ( 6.7%) | Groningen: ( 3.0%) | Limburg: ( 3.0%) | Overijssel: ( 2.7%) | Other: ( 4.5%);NA;
NAE_Werkgever_provincie_universiteit;v18amob;TRUE;subset;0,00000000000000;NA;NA;NA;FALSE;Zelfde provincie als universiteit: (36.3%) | Aangrenzende provincie: (25.2%) | Buitenland: (16.5%) | Overige provincie: (13.3%) | Doorverwijzing: ( 6.7%) | Onbekend: ( 2.0%);NA;
NAE_Branche_werkzaam;v19;TRUE;subset;0,00000000000000;NA;NA;NA;FALSE;Overig: (19.9%) | Gezondheids- en welzijnszorg: (17.4%) | Onderwijs: (12.0%) | Overheidsdiensten, openbaar bestuur en verplichte sociale verzekeringen: (10.6%) | Financiële instellingen: ( 7.6%) | Zakelijke dienstverlening (incl. onroerend goed, verhuur van roerende goederen): ( 7.2%) | Doorverwijzing: ( 6.7%) | Industrie: ( 5.5%) | Milieudienstverlening, cultuur, recreatie en overige dienstverlening: ( 3.1%) | Vervoer, opslag en communicatie: ( 2.2%) | Other: ( 7.9%);NA;
NAE_Hoeveel_personen_werken_bij_bedrijf_werkzaam;v20;TRUE;subset;0,00000000000000;NA;NA;NA;FALSE;1.000 personen of meer: (45.9%) | 250 – 999 personen: (13.4%) | 100 – 249 personen: ( 9.2%) | 10 – 24 personen: ( 6.7%) | Doorverwijzing: ( 6.7%) | 50 – 99 personen: ( 6.6%) | 25 – 49 personen: ( 5.9%) | 1 – 9 personen: ( 5.7%);NA;
NAE_Werkgever_minimale_vereist_opleidingsniveau;v21a;TRUE;subset;0,00000000000000;NA;NA;NA;FALSE;WO Master: (40.4%) | HBO niet gespecificeerd: ( 9.6%) | WO met postdoctorale opleiding: ( 9.6%) | HBO Bachelor: ( 7.4%) | WO Bachelor: ( 6.9%) | Doorverwijzing: ( 6.7%) | WO niet gespecificeerd: ( 6.4%) | Onbekend: ( 5.5%) | Geen: ( 3.3%) | Anders (hbo associate degree, havo, vwo, mbo): ( 2.2%) | Other: ( 2.1%);NA;
NAE_Werkgever_minimale_vereist_opleidingsniveau_Fase_WO;v21a1;TRUE;subset;0,00000000000000;NA;NA;NA;FALSE;Doorverwijzing: (46.3%) | Wo-master: (40.4%) | Wo-bachelor: ( 6.9%) | Niet gespecificeerd: ( 6.4%);NA;
NAE_Werkgever_minimale_vereist_opleidingsniveau_Fase_HBO;v21a2;TRUE;subset;0,00000000000000;NA;NA;NA;FALSE;Doorverwijzing: (81.5%) | Niet gespecificeerd: ( 9.6%) | Hbo-bachelor: ( 7.4%) | Hbo-master: ( 1.6%);NA;
NAE_Competentie_kritisch_denken_beschik;v22a_1a;TRUE;subset;0,00000000000000;NA;NA;NA;FALSE;In sterke mate: (50.40%) | In zeer sterke mate: (37.78%) | In enige mate: (10.27%) | In geringe mate: ( 1.03%) | Onbekend: ( 0.26%) | In zeer geringe mate: ( 0.13%) | Niet: ( 0.11%);NA;
NAE_Competentie_analytisch_denken_beschik;v22a_2a;TRUE;subset;0,00000000000000;NA;NA;NA;FALSE;In sterke mate: (49.57%) | In zeer sterke mate: (38.53%) | In enige mate: (10.24%) | In geringe mate: ( 1.08%) | Onbekend: ( 0.31%) | In zeer geringe mate: ( 0.14%) | Niet: ( 0.12%);NA;
NAE_Competentie_standpunten_onderbouwen_beschik;v22a_3a;TRUE;subset;0,00000000000000;NA;NA;NA;FALSE;In sterke mate: (48.47%) | In enige mate: (24.58%) | In zeer sterke mate: (22.18%) | In geringe mate: ( 3.42%) | Onbekend: ( 0.66%) | In zeer geringe mate: ( 0.51%) | Niet: ( 0.19%);NA;
NAE_Competentie_complexe_vraagstukken_oplossen_beschik;v22a_4a;TRUE;subset;0,00000000000000;NA;NA;NA;FALSE;In sterke mate: (50.150%) | In zeer sterke mate: (25.971%) | In enige mate: (20.895%) | In geringe mate: ( 2.262%) | Onbekend: ( 0.409%) | In zeer geringe mate: ( 0.241%) | Niet: ( 0.072%);NA;
NAE_Competentie_nieuwe_ideeen_bedenken_beschik;v22a_5a;TRUE;subset;0,00000000000000;NA;NA;NA;FALSE;In sterke mate: (45.98%) | In enige mate: (25.79%) | In zeer sterke mate: (23.42%) | In geringe mate: ( 3.86%) | In zeer geringe mate: ( 0.58%) | Onbekend: ( 0.25%) | Niet: ( 0.12%);NA;
NAE_Competentie_betrekken_andere_vakgebieden_bij_oplossen_vraagstukken_beschik;v22a_6a;TRUE;subset;0,00000000000000;NA;NA;NA;FALSE;In sterke mate: (41.67%) | In enige mate: (30.49%) | In zeer sterke mate: (20.79%) | In geringe mate: ( 5.35%) | Onbekend: ( 0.82%) | In zeer geringe mate: ( 0.75%) | Niet: ( 0.13%);NA;
NAE_Competentie_openstaan_nieuwe_ideeen_beschik;v22a_7a;TRUE;subset;0,00000000000000;NA;NA;NA;FALSE;In sterke mate: (47.901%) | In zeer sterke mate: (32.840%) | In enige mate: (16.673%) | In geringe mate: ( 1.961%) | Onbekend: ( 0.289%) | In zeer geringe mate: ( 0.253%) | Niet: ( 0.084%);NA;
NAE_Competentie_kritisch_denken_master_bijgedragen;v22a_1b;TRUE;subset;0,00000000000000;NA;NA;NA;FALSE;In sterke mate: (43.7%) | In zeer sterke mate: (29.4%) | In enige mate: (20.5%) | In geringe mate: ( 4.2%) | In zeer geringe mate: ( 1.3%) | Niet: ( 0.6%) | Onbekend: ( 0.3%);NA;
NAE_Competentie_analytisch_denken_master_bijgedragen;v22a_2b;TRUE;subset;0,00000000000000;NA;NA;NA;FALSE;In sterke mate: (44.28%) | In zeer sterke mate: (32.55%) | In enige mate: (17.68%) | In geringe mate: ( 3.66%) | In zeer geringe mate: ( 0.90%) | Niet: ( 0.58%) | Onbekend: ( 0.35%);NA;
NAE_Competentie_standpunten_onderbouwen_master_bijgedragen;v22a_3b;TRUE;subset;0,00000000000000;NA;NA;NA;FALSE;In sterke mate: (39.30%) | In enige mate: (26.97%) | In zeer sterke mate: (20.97%) | In geringe mate: ( 8.56%) | In zeer geringe mate: ( 2.49%) | Niet: ( 1.05%) | Onbekend: ( 0.66%);NA;
NAE_Competentie_complexe_vraagstukken_master_bijgedragen;v22a_4b;TRUE;subset;0,00000000000000;NA;NA;NA;FALSE;In sterke mate: (41.01%) | In enige mate: (25.97%) | In zeer sterke mate: (23.88%) | In geringe mate: ( 6.22%) | In zeer geringe mate: ( 1.60%) | Niet: ( 0.82%) | Onbekend: ( 0.51%);NA;
NAE_Competentie_nieuwe_ideeen_bedenken_master_bijgedragen;v22a_5b;TRUE;subset;0,00000000000000;NA;NA;NA;FALSE;In enige mate: (34.50%) | In sterke mate: (33.77%) | In zeer sterke mate: (14.52%) | In geringe mate: (12.50%) | In zeer geringe mate: ( 3.24%) | Niet: ( 1.12%) | Onbekend: ( 0.36%);NA;
NAE_Competentie_betrekken_andere_vakgebieden_bij_oplossen_vraagstukken_master_bijgedragen;v22a_6b;TRUE;subset;0,00000000000000;NA;NA;NA;FALSE;In enige mate: (31.23%) | In sterke mate: (28.99%) | In geringe mate: (16.46%) | In zeer sterke mate: (15.00%) | In zeer geringe mate: ( 5.39%) | Niet: ( 2.27%) | Onbekend: ( 0.66%);NA;
NAE_Competentie_openstaan_nieuwe_ideeen_master_bijgedragen;v22a_7b;TRUE;subset;0,00000000000000;NA;NA;NA;FALSE;In sterke mate: (35.28%) | In enige mate: (30.63%) | In zeer sterke mate: (18.84%) | In geringe mate: (10.83%) | In zeer geringe mate: ( 2.77%) | Niet: ( 1.30%) | Onbekend: ( 0.36%);NA;
NAE_Competentie_effectief_schriftelijk_communiceren_beschik;v22a_8a;TRUE;subset;0,00000000000000;NA;NA;NA;FALSE;In sterke mate: (48.95%) | In zeer sterke mate: (31.40%) | In enige mate: (16.78%) | In geringe mate: ( 2.27%) | In zeer geringe mate: ( 0.28%) | Onbekend: ( 0.26%) | Niet: ( 0.06%);NA;
NAE_Competentie_effectief_mondeling_communiceren_beschik;v22a_9a;TRUE;subset;0,00000000000000;NA;NA;NA;FALSE;In sterke mate: (49.02%) | In zeer sterke mate: (23.77%) | In enige mate: (23.10%) | In geringe mate: ( 3.37%) | Onbekend: ( 0.35%) | In zeer geringe mate: ( 0.34%) | Niet: ( 0.06%);NA;
NAE_Competentie_afstemmen_communicatie_doelgroep_beschik;v22a_10a;TRUE;subset;0,00000000000000;NA;NA;NA;FALSE;In sterke mate: (47.46%) | In enige mate: (24.40%) | In zeer sterke mate: (22.89%) | In geringe mate: ( 4.07%) | In zeer geringe mate: ( 0.54%) | Onbekend: ( 0.54%) | Niet: ( 0.11%);NA;
NAE_Competentie_effectief_samenwerken_beschik;v22a_11a;TRUE;subset;0,00000000000000;NA;NA;NA;FALSE;In sterke mate: (55.50%) | In zeer sterke mate: (27.39%) | In enige mate: (15.19%) | In geringe mate: ( 1.35%) | Onbekend: ( 0.30%) | In zeer geringe mate: ( 0.20%) | Niet: ( 0.06%);NA;
NAE_Competentie_anderen_overtuigen_beschik;v22a_12a;TRUE;subset;0,00000000000000;NA;NA;NA;FALSE;In enige mate: (39.02%) | In sterke mate: (38.02%) | In zeer sterke mate: (11.26%) | In geringe mate: ( 9.54%) | In zeer geringe mate: ( 1.24%) | Onbekend: ( 0.72%) | Niet: ( 0.19%);NA;
NAE_Competentie_effectief_samenwerken_internationale_context_beschik;v22a_13a;TRUE;subset;0,00000000000000;NA;NA;NA;FALSE;In sterke mate: (39.19%) | In zeer sterke mate: (30.78%) | In enige mate: (20.11%) | In geringe mate: ( 4.90%) | Onbekend: ( 3.36%) | In zeer geringe mate: ( 1.37%) | Niet: ( 0.29%);NA;
NAE_Competentie_handelen_met_oog_op_ethische_overwegingen_beschik;v22a_14a;TRUE;subset;0,00000000000000;NA;NA;NA;FALSE;In sterke mate: (44.52%) | In zeer sterke mate: (27.02%) | In enige mate: (22.05%) | In geringe mate: ( 4.46%) | Onbekend: ( 0.93%) | In zeer geringe mate: ( 0.78%) | Niet: ( 0.24%);NA;
NAE_Competentie_effectief_schriftelijk_communiceren_master_bijgedragen;v22a_8b;TRUE;subset;0,00000000000000;NA;NA;NA;FALSE;In sterke mate: (40.74%) | In zeer sterke mate: (24.24%) | In enige mate: (23.85%) | In geringe mate: ( 7.15%) | In zeer geringe mate: ( 2.29%) | Niet: ( 1.35%) | Onbekend: ( 0.38%);NA;
NAE_Competentie_effectief_mondeling_communiceren_master_bijgedragen;v22a_9b;TRUE;subset;0,00000000000000;NA;NA;NA;FALSE;In sterke mate: (34.64%) | In enige mate: (33.97%) | In geringe mate: (12.50%) | In zeer sterke mate: (12.29%) | In zeer geringe mate: ( 4.22%) | Niet: ( 1.88%) | Onbekend: ( 0.49%);NA;
NAE_Competentie_afstemmen_communicatie_doelgroep_master_bijgedragen;v22a_10b;TRUE;subset;0,00000000000000;NA;NA;NA;FALSE;In enige mate: (32.84%) | In sterke mate: (26.85%) | In geringe mate: (17.86%) | In zeer sterke mate: (11.20%) | In zeer geringe mate: ( 6.90%) | Niet: ( 3.57%) | Onbekend: ( 0.77%);NA;
NAE_Competentie_effectief_samenwerken_master_bijgedragen;v22a_11b;TRUE;subset;0,00000000000000;NA;NA;NA;FALSE;In sterke mate: (39.82%) | In enige mate: (29.44%) | In zeer sterke mate: (17.86%) | In geringe mate: ( 8.52%) | In zeer geringe mate: ( 2.73%) | Niet: ( 1.30%) | Onbekend: ( 0.34%);NA;
NAE_Competentie_anderen_overtuigen_master_bijgedragen;v22a_12b;TRUE;subset;0,00000000000000;NA;NA;NA;FALSE;In enige mate: (38.8%) | In sterke mate: (23.8%) | In geringe mate: (19.7%) | In zeer sterke mate: ( 7.0%) | In zeer geringe mate: ( 6.2%) | Niet: ( 3.5%) | Onbekend: ( 1.0%);NA;
NAE_Competentie_effectief_samenwerken_internationale_context_master_bijgedragen;v22a_13b;TRUE;subset;0,00000000000000;NA;NA;NA;FALSE;In sterke mate: (31.3%) | In enige mate: (24.3%) | In zeer sterke mate: (23.5%) | In geringe mate: (10.8%) | In zeer geringe mate: ( 4.8%) | Niet: ( 3.3%) | Onbekend: ( 2.0%);NA;
NAE_Competentie_handelen_met_oog_op_ethische_overwegingen_master_bijgedragen;v22a_14b;TRUE;subset;0,00000000000000;NA;NA;NA;FALSE;In sterke mate: (32.7%) | In enige mate: (29.8%) | In zeer sterke mate: (17.4%) | In geringe mate: (11.9%) | In zeer geringe mate: ( 4.7%) | Niet: ( 2.3%) | Onbekend: ( 1.2%);NA;
NAE_Competentie_inzicht_eigen_sterke_en_zwakke_eigenschappen_beschik;v22a_15a;TRUE;subset;0,00000000000000;NA;NA;NA;FALSE;In sterke mate: (53.146%) | In enige mate: (24.660%) | In zeer sterke mate: (18.393%) | In geringe mate: ( 2.887%) | In zeer geringe mate: ( 0.493%) | Onbekend: ( 0.349%) | Niet: ( 0.072%);NA;
NAE_Competentie_inzicht_eigen_normen_waarden_drijfveren_beschik;v22a_16a;TRUE;subset;0,00000000000000;NA;NA;NA;FALSE;In sterke mate: (48.575%) | In zeer sterke mate: (24.528%) | In enige mate: (21.749%) | In geringe mate: ( 3.958%) | In zeer geringe mate: ( 0.698%) | Onbekend: ( 0.409%) | Niet: ( 0.084%);NA;
NAE_Competentie_zelfstandig_nieuwe_vaardigheden_vergaren_beschik;v22a_17a;TRUE;subset;0,00000000000000;NA;NA;NA;FALSE;In sterke mate: (48.322%) | In zeer sterke mate: (31.156%) | In enige mate: (17.443%) | In geringe mate: ( 2.370%) | Onbekend: ( 0.325%) | In zeer geringe mate: ( 0.313%) | Niet: ( 0.072%);NA;
NAE_Competentie_ondernemend_denken_handelen_beschik;v22a_18a;TRUE;subset;0,00000000000000;NA;NA;NA;FALSE;In enige mate: (33.9%) | In sterke mate: (28.3%) | In geringe mate: (18.7%) | In zeer sterke mate: (10.4%) | In zeer geringe mate: ( 6.2%) | Niet: ( 1.4%) | Onbekend: ( 1.2%);NA;
NAE_Competentie_doelen_stellen_eigen_loopbaan_beschik;v22a_19a;TRUE;subset;0,00000000000000;NA;NA;NA;FALSE;In sterke mate: (37.01%) | In enige mate: (33.07%) | In zeer sterke mate: (16.38%) | In geringe mate: (10.10%) | In zeer geringe mate: ( 2.45%) | Onbekend: ( 0.49%) | Niet: ( 0.48%);NA;
NAE_Competentie_inzicht_eigen_sterke_en_zwakke_eigenschappen_master_bijgedragen;v22a_15b;TRUE;subset;0,00000000000000;NA;NA;NA;FALSE;In enige mate: (34.22%) | In sterke mate: (24.98%) | In geringe mate: (19.03%) | In zeer sterke mate: ( 8.32%) | In zeer geringe mate: ( 8.22%) | Niet: ( 4.45%) | Onbekend: ( 0.77%);NA;
NAE_Competentie_inzicht_eigen_normen_waarden_drijfveren_master_bijgedragen;v22a_16b;TRUE;subset;0,00000000000000;NA;NA;NA;FALSE;In enige mate: (32.84%) | In geringe mate: (21.56%) | In sterke mate: (21.24%) | In zeer geringe mate: ( 9.27%) | In zeer sterke mate: ( 7.84%) | Niet: ( 6.38%) | Onbekend: ( 0.87%);NA;
NAE_Competentie_zelfstandig_nieuwe_vaardigheden_vergaren_master_bijgedragen;v22a_17b;TRUE;subset;0,00000000000000;NA;NA;NA;FALSE;In sterke mate: (39.65%) | In enige mate: (24.61%) | In zeer sterke mate: (22.12%) | In geringe mate: ( 7.94%) | In zeer geringe mate: ( 3.03%) | Niet: ( 2.09%) | Onbekend: ( 0.55%);NA;
NAE_Competentie_ondernemend_denken_handelen_master_bijgedragen;v22a_18b;TRUE;subset;0,00000000000000;NA;NA;NA;FALSE;In enige mate: (27.2%) | In geringe mate: (24.3%) | In sterke mate: (16.4%) | In zeer geringe mate: (14.0%) | Niet: (11.3%) | In zeer sterke mate: ( 5.1%) | Onbekend: ( 1.7%);NA;
NAE_Competentie_doelen_stellen_eigen_loopbaan_master_bijgedragen;v22a_19b;TRUE;subset;0,00000000000000;NA;NA;NA;FALSE;In enige mate: (30.45%) | In geringe mate: (21.98%) | In sterke mate: (20.06%) | In zeer geringe mate: (11.34%) | Niet: ( 8.36%) | In zeer sterke mate: ( 6.88%) | Onbekend: ( 0.93%);NA;
NAE_Competentie_beoordelen_betrouwbaarheid_informatie_beschik;v22a_20a;TRUE;subset;0,00000000000000;NA;NA;NA;FALSE;In sterke mate: (53.86%) | In zeer sterke mate: (26.68%) | In enige mate: (16.82%) | In geringe mate: ( 1.68%) | Onbekend: ( 0.51%) | In zeer geringe mate: ( 0.32%) | Niet: ( 0.13%);NA;
NAE_Competentie_toepassen_technologie_vakgebied_beschik;v22a_21a;TRUE;subset;0,00000000000000;NA;NA;NA;FALSE;In sterke mate: (39.73%) | In enige mate: (27.51%) | In zeer sterke mate: (20.76%) | In geringe mate: ( 7.88%) | In zeer geringe mate: ( 1.91%) | Onbekend: ( 1.64%) | Niet: ( 0.57%);NA;
NAE_Competentie_eigen_maken_technologie_vakgebied_beschik;v22a_22a;TRUE;subset;0,00000000000000;NA;NA;NA;FALSE;In sterke mate: (36.9%) | In enige mate: (28.7%) | In zeer sterke mate: (19.9%) | In geringe mate: ( 8.6%) | In zeer geringe mate: ( 2.9%) | Onbekend: ( 2.0%) | Niet: ( 1.2%);NA;
NAE_Competentie_beoordelen_betrouwbaarheid_informatie_master_bijgedragen;v22a_20b;TRUE;subset;0,00000000000000;NA;NA;NA;FALSE;In sterke mate: (38.65%) | In zeer sterke mate: (29.66%) | In enige mate: (20.64%) | In geringe mate: ( 6.53%) | In zeer geringe mate: ( 2.36%) | Niet: ( 1.48%) | Onbekend: ( 0.67%);NA;
NAE_Competentie_toepassen_technologie_vakgebied_master_bijgedragen;v22a_21b;TRUE;subset;0,00000000000000;NA;NA;NA;FALSE;In enige mate: (28.1%) | In sterke mate: (24.1%) | In geringe mate: (17.5%) | In zeer sterke mate: (11.5%) | In zeer geringe mate: ( 9.6%) | Niet: ( 7.3%) | Onbekend: ( 2.0%);NA;
NAE_Competentie_eigen_maken_technologie_vakgebied_master_bijgedragen;v22a_22b;TRUE;subset;0,00000000000000;NA;NA;NA;FALSE;In enige mate: (27.4%) | In sterke mate: (22.0%) | In geringe mate: (19.3%) | In zeer sterke mate: (10.5%) | In zeer geringe mate: ( 9.9%) | Niet: ( 8.6%) | Onbekend: ( 2.4%);NA;
NAE_Algemeen_oordeel_master;v23;TRUE;subset;0,00000000000000;NA;NA;NA;FALSE;Tevreden: (58.8%) | Zeer tevreden: (27.7%) | Niet ontevreden / niet tevreden: ( 9.3%) | Ontevreden: ( 2.9%) | Zeer ontevreden: ( 1.3%);NA;
NAE_Oordeel_inhoud;v24a;TRUE;subset;0,00000000000000;NA;NA;NA;FALSE;Tevreden: (58.66%) | Zeer tevreden: (25.14%) | Niet ontevreden / niet tevreden: (11.30%) | Ontevreden: ( 3.84%) | Zeer ontevreden: ( 0.70%) | Onbekend: ( 0.37%);NA;
NAE_Oordeel_opgedane_vakspecifieke_kennis;v24b;TRUE;subset;0,00000000000000;NA;NA;NA;FALSE;Tevreden: (52.51%) | Zeer tevreden: (28.70%) | Niet ontevreden / niet tevreden: (13.05%) | Ontevreden: ( 4.45%) | Zeer ontevreden: ( 0.91%) | Onbekend: ( 0.37%);NA;
NAE_Oordeel_verworven_algemene_vaardigheden;v24c;TRUE;subset;0,00000000000000;NA;NA;NA;FALSE;Tevreden: (56.72%) | Niet ontevreden / niet tevreden: (18.50%) | Zeer tevreden: (18.32%) | Ontevreden: ( 5.02%) | Zeer ontevreden: ( 1.07%) | Onbekend: ( 0.37%);NA;
NAE_Oordeel_verworven_wetenschappelijk_vaardigheden;v24d;TRUE;subset;0,00000000000000;NA;NA;NA;FALSE;Tevreden: (51.87%) | Zeer tevreden: (29.83%) | Niet ontevreden / niet tevreden: (12.88%) | Ontevreden: ( 4.15%) | Zeer ontevreden: ( 0.89%) | Onbekend: ( 0.37%);NA;
NAE_Oordeel_inhoudelijke_samenhang_binnen_de_opleiding;v24e;TRUE;subset;0,00000000000000;NA;NA;NA;FALSE;Tevreden: (58.92%) | Zeer tevreden: (20.88%) | Niet ontevreden / niet tevreden: (14.56%) | Ontevreden: ( 4.33%) | Zeer ontevreden: ( 0.94%) | Onbekend: ( 0.37%);NA;
NAE_Breedte_opleiding;v25a;TRUE;subset;0,00000000000000;NA;NA;NA;FALSE;Precies breed / smal genoeg: (68.30%) | Te breed: (16.29%) | Te smal: (12.65%) | Veel te breed: ( 1.28%) | Onbekend: ( 0.82%) | Veel te smal: ( 0.66%);NA;
NAE_Diepgang_opleiding;v25b;TRUE;subset;0,00000000000000;NA;NA;NA;FALSE;Precies genoeg diepgang: (65.79%) | Te weinig diepgang: (26.25%) | Te veel diepgang: ( 4.56%) | Veel te weinig diepgang: ( 2.15%) | Onbekend: ( 0.82%) | Veel te veel diepgang: ( 0.43%);NA;
NAE_Moeilijkheidsgraad_opleiding;v25c;TRUE;subset;0,00000000000000;NA;NA;NA;FALSE;Precies goed: (73.11%) | Te laag: (15.01%) | Te hoog: ( 9.00%) | Veel te laag: ( 1.36%) | Onbekend: ( 0.82%) | Veel te hoog: ( 0.70%);NA;
NAE_Verhouding_theorie_praktijk_opleiding;v25d;TRUE;subset;0,00000000000000;NA;NA;NA;FALSE;Precies theoretisch / praktisch genoeg: (50.80%) | Te theoretisch: (37.68%) | Veel te theoretisch: ( 7.19%) | Te praktisch: ( 3.22%) | Onbekend: ( 0.82%) | Veel te praktisch: ( 0.29%);NA;
NSE_Inhoudelijke_samenhang_opleiding;v25e;TRUE;subset;0,00000000000000;NA;NA;NA;FALSE;Precies voldoende samenhang: (76.65%) | Te weinig samenhang: (17.78%) | Te veel samenhang: ( 3.38%) | Veel te weinig samenhang: ( 1.18%) | Onbekend: ( 0.82%) | Veel te veel samenhang: ( 0.19%);NA;
NAE_Mate_internationale_orientatie_opleiding;v25f;TRUE;subset;0,00000000000000;NA;NA;NA;FALSE;Precies voldoende internationale oriëntatie: (61.06%) | Te weinig internationale oriëntatie: (26.56%) | Te veel internationale oriëntatie: ( 6.21%) | Veel te weinig internationale oriëntatie: ( 4.38%) | Veel te veel internationale oriëntatie: ( 0.97%) | Onbekend: ( 0.82%);NA;
NAE_Interdisciplinariteit;v25g;TRUE;subset;0,00000000000000;NA;NA;NA;FALSE;Precies voldoende interdisciplinariteit: (50.27%) | Te weinig interdisciplinariteit: (40.36%) | Veel te weinig interdisciplinariteit: ( 4.40%) | Te veel interdisciplinariteit: ( 3.81%) | Onbekend: ( 0.82%) | Veel te veel interdisciplinariteit: ( 0.34%);NA;
NAE_In_welke_mate_master_goede_basis_vinden_baan;v26;TRUE;subset;0,00000000000000;NA;NA;NA;FALSE;In sterke mate: (38.11%) | In enige mate: (26.31%) | In zeer sterke mate: (21.29%) | In geringe mate: ( 9.33%) | In zeer geringe mate: ( 3.97%) | Onbekend: ( 0.99%);NA;
NAE_In_welke_mate_master_goede_basiis_verder_ontwikkelen_kennis;v27;TRUE;subset;0,00000000000000;NA;NA;NA;FALSE;In sterke mate: (50.91%) | In enige mate: (22.76%) | In zeer sterke mate: (20.27%) | In geringe mate: ( 4.01%) | In zeer geringe mate: ( 1.07%) | Onbekend: ( 0.99%);NA;
NAE_Voorbereiding_betreden_arbeidsmarkt_praktische_vaardigheden;v28a;TRUE;subset;0,00000000000000;NA;NA;NA;FALSE;Ontevreden: (35.5%) | Niet ontevreden / niet tevreden: (29.7%) | Tevreden: (16.9%) | Zeer ontevreden: (13.0%) | Zeer tevreden: ( 3.3%) | Onbekend: ( 1.5%);NA;
NAE_Voorbereiding_betreden_arbeidsmarkt_vaardigheden;v28b;TRUE;subset;0,00000000000000;NA;NA;NA;FALSE;Tevreden: (32.2%) | Niet ontevreden / niet tevreden: (30.1%) | Ontevreden: (23.5%) | Zeer ontevreden: ( 6.9%) | Zeer tevreden: ( 5.7%) | Onbekend: ( 1.5%);NA;
NAE_Voorbereiding_contact_met_arbeidsmarkt;v28c;TRUE;subset;0,00000000000000;NA;NA;NA;FALSE;Niet ontevreden / niet tevreden: (28.0%) | Tevreden: (27.7%) | Ontevreden: (25.8%) | Zeer ontevreden: ( 9.9%) | Zeer tevreden: ( 7.2%) | Onbekend: ( 1.5%);NA;
NAE_Voorbereiding_kennis_docenten_arbeidsmarkt;v28d;TRUE;subset;0,00000000000000;NA;NA;NA;FALSE;Niet ontevreden / niet tevreden: (37.0%) | Tevreden: (31.4%) | Ontevreden: (16.8%) | Zeer tevreden: ( 8.0%) | Zeer ontevreden: ( 5.3%) | Onbekend: ( 1.5%);NA;
NAE_Voorbereiding_voorlichting_beroepsmogelijkheden;v28e;TRUE;subset;0,00000000000000;NA;NA;NA;FALSE;Niet ontevreden / niet tevreden: (31.7%) | Ontevreden: (27.3%) | Tevreden: (24.9%) | Zeer ontevreden: (10.4%) | Zeer tevreden: ( 4.1%) | Onbekend: ( 1.5%);NA;
NAE_Opnieuw_kiezen;v31;TRUE;subset;0,00000000000000;NA;NA;NA;FALSE;Ja, dezelfde opleiding aan dezelfde universiteit: (77.1%) | Nee, een andere opleiding aan dezelfde universiteit namelijk:: ( 8.2%) | Nee, een andere opleiding aan een andere universiteit, namelijk:: ( 6.2%) | Ja, dezelfde opleiding maar aan een andere universiteit, namelijk:: ( 4.7%) | Nee, ik zou niet gaan studeren: ( 2.2%) | Onbekend: ( 1.6%);NA;
NAE_Aanraden;v32;TRUE;subset;0,00000000000000;NA;NA;NA;FALSE;Ja, ik denk het wel: (38.4%) | Ja, zeker wel: (36.0%) | Misschien: (17.1%) | Nee, ik denk het niet: ( 4.7%) | Nee zeker niet: ( 1.9%) | Onbekend: ( 1.8%);NA;
NAE_Corona_nieuwe_opleiding_begonnen;corona_v1__1;TRUE;subset;0,00000000000000;NA;NA;NA;FALSE;Niet gevraagd: (52%) | Nee: (20%) | Ja: (17%) | Onbekend: (11%);NA;
NAE_Corona_vroegtijdig_gestopt_opleiding;corona_v1__2;TRUE;subset;0,00000000000000;NA;NA;NA;FALSE;Niet gevraagd: (51.89%) | Nee: (36.75%) | Onbekend: (10.62%) | Ja: ( 0.73%);NA;
NAE_Corona_begonnen_omscholingstraject;corona_v1__3;TRUE;subset;0,00000000000000;NA;NA;NA;FALSE;Niet gevraagd: (51.89%) | Nee: (37.00%) | Onbekend: (10.62%) | Ja: ( 0.48%);NA;
NAE_Corona_betaalde_baan_gevonden;corona_v1__4;TRUE;subset;0,00000000000000;NA;NA;NA;FALSE;Niet gevraagd: (52%) | Ja: (21%) | Nee: (16%) | Onbekend: (11%);NA;
NAE_Corona_andere_branch_gaan_werken;corona_v1__5;TRUE;subset;0,00000000000000;NA;NA;NA;FALSE;Niet gevraagd: (51.9%) | Nee: (32.8%) | Onbekend: (10.6%) | Ja: ( 4.7%);NA;
NAE_Corona_arbeidscontract_niet_verlengd;corona_v1__6;TRUE;subset;0,00000000000000;NA;NA;NA;FALSE;Niet gevraagd: (51.9%) | Nee: (35.8%) | Onbekend: (10.6%) | Ja: ( 1.7%);NA;
NAE_Corona_ontslagen;corona_v1__7;TRUE;subset;0,00000000000000;NA;NA;NA;FALSE;Niet gevraagd: (51.89%) | Nee: (36.81%) | Onbekend: (10.62%) | Ja: ( 0.67%);NA;
NAE_Corona_ontslag_genomen;corona_v1__8;TRUE;subset;0,00000000000000;NA;NA;NA;FALSE;Niet gevraagd: (51.9%) | Nee: (32.0%) | Onbekend: (10.6%) | Ja: ( 5.5%);NA;
NAE_Corona_begonnen_stage_traineeship;corona_v1__9;TRUE;subset;0,00000000000000;NA;NA;NA;FALSE;Niet gevraagd: (52%) | Nee: (25%) | Ja: (12%) | Onbekend: (11%);NA;
NAE_Corona_gestopt_stage_traineership;corona_v1__10;TRUE;subset;0,00000000000000;NA;NA;NA;FALSE;Niet gevraagd: (51.9%) | Nee: (33.9%) | Onbekend: (10.6%) | Ja: ( 3.6%);NA;
NAE_Corona_begonnen_zelfstandig_werken;corona_v1__11;TRUE;subset;0,00000000000000;NA;NA;NA;FALSE;Niet gevraagd: (51.9%) | Nee: (35.9%) | Onbekend: (10.6%) | Ja: ( 1.6%);NA;
NAE_Corona_gestopt_zelfstandig_werken;corona_v1__12;TRUE;subset;0,00000000000000;NA;NA;NA;FALSE;Niet gevraagd: (51.89%) | Nee: (36.94%) | Onbekend: (10.62%) | Ja: ( 0.54%);NA;
NAE_Corona_begonnen_vrijwilligerswerk;corona_v1__13;TRUE;subset;0,00000000000000;NA;NA;NA;FALSE;Niet gevraagd: (51.9%) | Nee: (33.4%) | Onbekend: (10.6%) | Ja: ( 4.1%);NA;
NAE_Corona_gestopt_vrijwilligerswerk;corona_v1__14;TRUE;subset;0,00000000000000;NA;NA;NA;FALSE;Niet gevraagd: (51.9%) | Nee: (34.7%) | Onbekend: (10.6%) | Ja: ( 2.8%);NA;
NAE_Corona_geen_veranderingen;corona_v1__15;TRUE;subset;0,00000000000000;NA;NA;NA;FALSE;Niet gevraagd: (51.9%) | Nee: (30.9%) | Onbekend: (10.6%) | Ja: ( 6.6%);NA;
NAE_Corona_nieuwe_opleiding_begonnen_gevolg;corona_v2a;TRUE;subset;0,00000000000000;NA;NA;NA;FALSE;Niet gevraagd: (51.89%) | Doorverwijzing: (20.14%) | Niet: (12.81%) | Onbekend: (10.63%) | In enige mate: ( 1.31%) | In zeer geringe mate: ( 1.05%) | In sterke mate: ( 0.85%) | In zeer sterke mate: ( 0.71%) | In geringe mate: ( 0.60%);NA;
NAE_Corona_vroegtijdig_gestopt_opleiding_gevolg;corona_v2b;TRUE;subset;0,00000000000000;NA;NA;NA;FALSE;Niet gevraagd: (51.895%) | Doorverwijzing: (36.750%) | Onbekend: (10.634%) | In zeer sterke mate: ( 0.192%) | Niet: ( 0.180%) | In enige mate: ( 0.156%) | In sterke mate: ( 0.108%) | In geringe mate: ( 0.060%) | In zeer geringe mate: ( 0.024%);NA;
NAE_Corona_begonnen_omscholingstraject_gevolg;corona_v2c;TRUE;subset;0,00000000000000;NA;NA;NA;FALSE;Niet gevraagd: (51.895%) | Doorverwijzing: (37.002%) | Onbekend: (10.622%) | Niet: ( 0.241%) | In enige mate: ( 0.072%) | In zeer sterke mate: ( 0.060%) | In zeer geringe mate: ( 0.048%) | In geringe mate: ( 0.036%) | In sterke mate: ( 0.024%);NA;
NAE_Corona_betaalde_baan_gevonden_gevolg;corona_v2d;TRUE;subset;0,00000000000000;NA;NA;NA;FALSE;Niet gevraagd: (51.89%) | Niet: (17.45%) | Doorverwijzing: (16.14%) | Onbekend: (10.67%) | In zeer geringe mate: ( 1.09%) | In enige mate: ( 0.78%) | In sterke mate: ( 0.71%) | In geringe mate: ( 0.70%) | In zeer sterke mate: ( 0.55%);NA;
NAE_Corona_andere_branch_gaan_werken_gevolg;corona_v2e;TRUE;subset;0,00000000000000;NA;NA;NA;FALSE;Niet gevraagd: (51.89%) | Doorverwijzing: (32.77%) | Onbekend: (10.65%) | Niet: ( 2.85%) | In zeer geringe mate: ( 0.41%) | In zeer sterke mate: ( 0.41%) | In sterke mate: ( 0.38%) | In enige mate: ( 0.35%) | In geringe mate: ( 0.29%);NA;
NAE_Corona_arbeidscontract_niet_verlengd_gevolg;corona_v2f;TRUE;subset;0,00000000000000;NA;NA;NA;FALSE;Niet gevraagd: (51.895%) | Doorverwijzing: (35.775%) | Onbekend: (10.622%) | Niet: ( 0.842%) | In zeer sterke mate: ( 0.337%) | In enige mate: ( 0.241%) | In sterke mate: ( 0.144%) | In zeer geringe mate: ( 0.084%) | In geringe mate: ( 0.060%);NA;
NAE_Corona_ontslagen_gevolg;corona_v2g;TRUE;subset;0,00000000000000;NA;NA;NA;FALSE;Niet gevraagd: (51.895%) | Doorverwijzing: (36.810%) | Onbekend: (10.622%) | Niet: ( 0.313%) | In zeer sterke mate: ( 0.265%) | In enige mate: ( 0.036%) | In sterke mate: ( 0.036%) | In geringe mate: ( 0.012%) | In zeer geringe mate: ( 0.012%);NA;
NAE_Corona_ontslag_genomen_gevolg;corona_v2h;TRUE;subset;0,00000000000000;NA;NA;NA;FALSE;Niet gevraagd: (51.89%) | Doorverwijzing: (32.01%) | Onbekend: (10.65%) | Niet: ( 3.95%) | In enige mate: ( 0.38%) | In zeer geringe mate: ( 0.37%) | In zeer sterke mate: ( 0.28%) | In geringe mate: ( 0.26%) | In sterke mate: ( 0.20%);NA;
NAE_Corona_begonnen_stage_traineeship_gevolg;corona_v2i;TRUE;subset;0,00000000000000;NA;NA;NA;FALSE;Niet gevraagd: (51.89%) | Doorverwijzing: (25.01%) | Onbekend: (10.65%) | Niet: (10.22%) | In enige mate: ( 0.59%) | In zeer geringe mate: ( 0.55%) | In geringe mate: ( 0.51%) | In sterke mate: ( 0.32%) | In zeer sterke mate: ( 0.25%);NA;
NAE_Corona_gestopt_stage_traineership_gevolg;corona_v2j;TRUE;subset;0,00000000000000;NA;NA;NA;FALSE;Niet gevraagd: (51.89%) | Doorverwijzing: (33.91%) | Onbekend: (10.65%) | Niet: ( 2.73%) | In zeer sterke mate: ( 0.35%) | In enige mate: ( 0.18%) | In geringe mate: ( 0.12%) | In sterke mate: ( 0.11%) | In zeer geringe mate: ( 0.06%);NA;
NAE_Corona_begonnen_zelfstandig_werken_gevolg;corona_v2k;TRUE;subset;0,00000000000000;NA;NA;NA;FALSE;Niet gevraagd: (51.895%) | Doorverwijzing: (35.884%) | Onbekend: (10.634%) | Niet: ( 0.938%) | In enige mate: ( 0.217%) | In zeer sterke mate: ( 0.120%) | In geringe mate: ( 0.108%) | In sterke mate: ( 0.108%) | In zeer geringe mate: ( 0.096%);NA;
NAE_Corona_gestopt_zelfstandig_werken_gevolg;corona_v2l;TRUE;subset;0,00000000000000;NA;NA;NA;FALSE;Niet gevraagd: (51.895%) | Doorverwijzing: (36.942%) | Onbekend: (10.622%) | Niet: ( 0.229%) | In zeer sterke mate: ( 0.144%) | In sterke mate: ( 0.060%) | In enige mate: ( 0.036%) | In geringe mate: ( 0.036%) | In zeer geringe mate: ( 0.036%);NA;
NAE_Corona_begonnen_vrijwilligerswerk_gevolg;corona_v2m;TRUE;subset;0,00000000000000;NA;NA;NA;FALSE;Niet gevraagd: (51.89%) | Doorverwijzing: (33.36%) | Onbekend: (10.65%) | Niet: ( 2.55%) | In sterke mate: ( 0.43%) | In enige mate: ( 0.36%) | In zeer geringe mate: ( 0.29%) | In zeer sterke mate: ( 0.28%) | In geringe mate: ( 0.19%);NA;
NAE_Corona_gestopt_vrijwilligerswerk_gevolg;corona_v2n;TRUE;subset;0,00000000000000;NA;NA;NA;FALSE;Niet gevraagd: (51.89%) | Doorverwijzing: (34.67%) | Onbekend: (10.63%) | Niet: ( 1.80%) | In zeer sterke mate: ( 0.34%) | In enige mate: ( 0.22%) | In sterke mate: ( 0.18%) | In geringe mate: ( 0.16%) | In zeer geringe mate: ( 0.11%);NA;
NAE_Corona_effect_op_afronden_master;corona_v3a;TRUE;subset;0,00000000000000;NA;NA;NA;FALSE;Niet gevraagd: (51.89%) | Zowel negatief als positief effect: (12.29%) | Negatief effect: (10.73%) | Onbekend: (10.69%) | Geen effect: ( 6.07%) | Zeer negatief effect: ( 2.97%) | Positief effect: ( 2.71%) | Zeer positief effect: ( 1.21%) | Weet niet: ( 1.06%) | Niet van toepassing: ( 0.36%);NA;
NAE_Corona_effect_op_zoektocht_betaalde_baan;corona_v3b;TRUE;subset;0,00000000000000;NA;NA;NA;FALSE;Niet gevraagd: (51.89%) | Geen effect: (20.70%) | Onbekend: (10.72%) | Negatief effect: ( 3.92%) | Zowel negatief als positief effect: ( 3.48%) | Weet niet: ( 3.24%) | Niet van toepassing: ( 2.59%) | Positief effect: ( 1.79%) | Zeer negatief effect: ( 1.26%) | Zeer positief effect: ( 0.41%);NA;
n_kenmerk_wf;n_kenmerk_wf;TRUE;subset;0,00000000000000;NA;NA;NA;FALSE;Croho en regio: ( 99.904%) | Croho: (  0.096%);NA;
wf;wf;TRUE;numeric;0,00000000000000;1;39;NA;FALSE;6.56277056277056: ( 2.8%) | 6.81363636363636: ( 2.6%) | 7.11864406779661: ( 2.1%) | 5.74269005847953: ( 2.1%) | 6.54032258064516: ( 1.5%) | 5.29245283018868: ( 1.3%) | 5.66037735849057: ( 1.3%) | 7.48039215686275: ( 1.2%) | 10.1326530612245: ( 1.2%) | 6: ( 1.1%) | Other: (82.8%);Q1 = 4.70588235294118  | median = 5.74269005847953  | Q3 =  7.04545454545455  | mean = 6.14  | stdev = 2.29;
