Veldnaam;Veldnaam_export;In_gebruik;Veldtype;p_na;lower;upper;pattern;Uniek;Percentages;Distribution;Opmerkingen
ID;ID;TRUE;numeric;0;4589510;5021963;^[0-9]{6,7}$;TRUE;;;
Jaar;Jaar;TRUE;numeric;0;2017;2017;20[0-9]{2};FALSE;2017: (100%);Q1 = 2017  | median = 2017  | Q3 =  2017  | mean = 2017  | stdev = 0;
Weegfactor;Weegfactor;TRUE;numeric;0;1;3;NA;FALSE;1.01387142974975: (15.8%) | 0.739401891908051: (12.1%) | 0.672213716042832: (11.6%) | 0.668031052920787: (10.8%) | 1.17887832868374: (10.7%) | 0.746054439835671: ( 9.8%) | 1.01894093688392: ( 6.6%) | 0.84539909922978: ( 5.6%) | 0.84919201642473: ( 5.3%) | 1.49134022683821: ( 2.1%) | Other: ( 9.7%);Q1 = 0.739401891908051  | median = 0.84539909922978  | Q3 =  1.01894093688392  | mean = 0.928  | stdev = 0.283;
Responsdatum;Responsdatum;TRUE;numeric;0;20170116;20170313;20[0-9]{2}[0-9]{2}[0-9]{2};FALSE;20170120: (16.0%) | 20170130: ( 8.9%) | 20170121: ( 6.0%) | 20170215: ( 5.1%) | 20170306: ( 4.5%) | 20170309: ( 3.8%) | 20170303: ( 3.6%) | 20170220: ( 3.4%) | 20170216: ( 2.8%) | 20170123: ( 2.7%) | Other: (43.2%);Q1 = 20170123  | median = 20170208  | Q3 =  20170223  | mean = 20170195  | stdev = 72.5;
BrinActueel;BrinActueel;TRUE;subset;0;NA;NA;[A-Z]{2};FALSE;21PK: (60%) | 21PL: (40%);NA;
BrinNaamActueel;BrinNaamActueel;TRUE;subset;0;NA;NA;NA;FALSE;Universiteit van Amsterdam: (60%) | Vrije Universiteit Amsterdam: (40%);NA;
Brin;Brin;TRUE;subset;0;NA;NA;[A-Z]{2};FALSE;21PK: (60%) | 21PL: (40%);NA;
BrinNaam;BrinNaam;TRUE;subset;0;NA;NA;NA;FALSE;Universiteit van Amsterdam: (60%) | Vrije Universiteit Amsterdam: (40%);NA;
Samenwerking;Samenwerking;TRUE;numeric;0;0;41;NA;FALSE;15: (45.37%) | 16: (26.50%) | 37: ( 7.01%) | 41: ( 6.65%) | 40: ( 5.75%) | 38: ( 3.23%) | 39: ( 2.07%) | 34: ( 1.71%) | 0: ( 1.35%) | 35: ( 0.36%);Q1 = 15  | median = 16  | Q3 =  35  | mean = 21.4  | stdev = 10.7;
CrohoActueel;CrohoActueel;TRUE;numeric;0;55002;75128;[0-9]{4};FALSE;55002: (26.5%) | 56560: (23.7%) | 66588: (20.6%) | 55013: ( 7.0%) | 55012: ( 6.6%) | 65016: ( 5.8%) | 65012: ( 3.2%) | 65014: ( 2.1%) | 65006: ( 1.7%) | 65015: ( 1.3%) | Other: ( 1.4%);Q1 = 55002  | median = 56560  | Q3 =  65016  | mean = 59422  | stdev = 5249;
CrohoNaamActueel;CrohoNaamActueel;TRUE;subset;0;NA;NA;NA;FALSE;B Liberal Arts and Sciences (joint degree): (26.5%) | B Tandheelkunde: (23.7%) | M Tandheelkunde: (20.6%) | B Natuur- en Sterrenkunde (joint degree): ( 7.0%) | B Scheikunde (joint degree): ( 6.6%) | M Physics and Astronomy (joint degree): ( 5.8%) | M Chemistry (joint degree): ( 3.2%) | M Computer Science (joint degree): ( 2.1%) | M Entrepreneurship (joint degree): ( 1.7%) | M Computational Science (joint degree): ( 1.3%) | Other: ( 1.4%);NA;
Croho;Croho;TRUE;numeric;0;55002;75128;[0-9]{4};FALSE;55002: (26.5%) | 56560: (23.7%) | 66588: (20.6%) | 55013: ( 7.0%) | 55012: ( 6.6%) | 65016: ( 5.8%) | 65012: ( 3.2%) | 65014: ( 2.1%) | 65006: ( 1.7%) | 65015: ( 1.3%) | Other: ( 1.4%);Q1 = 55002  | median = 56560  | Q3 =  65016  | mean = 59422  | stdev = 5249;
CrohoNaam;CrohoNaam;TRUE;subset;0;NA;NA;NA;FALSE;B Liberal Arts and Sciences (joint degree): (26.5%) | B Tandheelkunde: (23.7%) | M Tandheelkunde: (20.6%) | B Natuur- en Sterrenkunde (joint degree): ( 7.0%) | B Scheikunde (joint degree): ( 6.6%) | M Physics and Astronomy (joint degree): ( 5.8%) | M Chemistry (joint degree): ( 3.2%) | M Computer Science (joint degree): ( 2.1%) | M Entrepreneurship (joint degree): ( 1.7%) | M Computational Science (joint degree): ( 1.3%) | Other: ( 1.4%);NA;
Locatie;Locatie;TRUE;subset;0;NA;NA;NA;FALSE;Amsterdam: (100%);NA;
Afstandsonderwijs;Afstandsonderwijs;TRUE;numeric;0;0;0;NA;FALSE;0: (100%);Q1 = 0  | median = 0  | Q3 =  0  | mean = 0  | stdev = 0;
CrohoSector;CrohoSector;TRUE;numeric;0;3;10;NA;FALSE;5: (45.37%) | 10: (26.50%) | 3: (26.06%) | 6: ( 1.71%) | 8: ( 0.36%);Q1 = 3  | median = 5  | Q3 =  10  | mean = 5.83  | stdev = 2.65;
CrohoSectorNaam;CrohoSectorNaam;TRUE;subset;0;NA;NA;NA;FALSE;Gezondheidszorg: (45.37%) | Sectoroverstijgend: (26.50%) | Natuur: (26.06%) | Economie: ( 1.71%) | Gedrag & Maatschappij: ( 0.36%);NA;
SoortHo;SoortHo;TRUE;numeric;0;2;2;NA;FALSE;2: (100%);Q1 = 2  | median = 2  | Q3 =  2  | mean = 2  | stdev = 0;
BaMa;BaMa;TRUE;numeric;0;1;2;NA;FALSE;1: (64%) | 2: (36%);Q1 = 1  | median = 1  | Q3 =  2  | mean = 1.36  | stdev = 0.481;
Gemeentecode;Gemeentecode;TRUE;numeric;0;363;363;NA;FALSE;363: (100%);Q1 = 363  | median = 363  | Q3 =  363  | mean = 363  | stdev = 0;
Stedelijkheid;Stedelijkheid;TRUE;numeric;0;1;1;NA;FALSE;1: (100%);Q1 = 1  | median = 1  | Q3 =  1  | mean = 1  | stdev = 0;
Landsdeel;Landsdeel;TRUE;numeric;0;3;3;NA;FALSE;3: (100%);Q1 = 3  | median = 3  | Q3 =  3  | mean = 3  | stdev = 0;
Fixus;Fixus;TRUE;numeric;0;0;3;NA;FALSE;0: (76%) | 3: (24%);Q1 = 0  | median = 0  | Q3 =  0  | mean = 0.712  | stdev = 1.28;
Decentraal;Decentraal;TRUE;numeric;0;0;1;NA;FALSE;0: (76%) | 1: (24%);Q1 = 0  | median = 0  | Q3 =  0  | mean = 0.237  | stdev = 0.426;
Bekostiging;Bekostiging;TRUE;numeric;0;1;4;NA;FALSE;1: (98.9%) | 4: ( 1.1%);Q1 = 1  | median = 1  | Q3 =  1  | mean = 1.03  | stdev = 0.31;
Opleidingsvorm3;Opleidingsvorm3;TRUE;numeric;0;1;2;NA;FALSE;1: (1e+02%) | 2: (9e-02%);Q1 = 1  | median = 1  | Q3 =  1  | mean = 1  | stdev = 0.03;
Opleidingsvorm2;Opleidingsvorm2;TRUE;numeric;0;1;2;NA;FALSE;1: (1e+02%) | 2: (9e-02%);Q1 = 1  | median = 1  | Q3 =  1  | mean = 1  | stdev = 0.03;
Geslacht;Geslacht;TRUE;numeric;0;1;2;NA;FALSE;2: (63%) | 1: (37%);Q1 = 1  | median = 2  | Q3 =  2  | mean = 1.63  | stdev = 0.483;
Etniciteit;Etniciteit;TRUE;numeric;100;NA;NA;^([0-3])?[0-9]\-([0-1])?[0-9]\-[1-2][0-9]{3}$;FALSE;: (%);Q1 = NA  | median = NA  | Q3 =  NA  | mean = NaN  | stdev = NA;
Leeftijd;Leeftijd;TRUE;numeric;0;17;90;NA;FALSE;20: (16.3%) | 19: (15.5%) | 18: (12.5%) | 22: (10.2%) | 21: ( 9.9%) | 23: ( 8.9%) | 24: ( 6.5%) | 25: ( 5.9%) | 26: ( 4.1%) | 27: ( 2.7%) | Other: ( 7.5%);Q1 = 19  | median = 21  | Q3 =  24  | mean = 21.9  | stdev = 4.19;
Vooropleiding;Vooropleiding;TRUE;numeric;0,359389039;2;14;NA;FALSE;2: (61.19%) | 8: (13.57%) | 10: (11.86%) | 14: ( 4.58%) | 12: ( 3.32%) | 5: ( 2.07%) | 9: ( 1.26%) | 7: ( 0.72%) | 4: ( 0.45%) | 11: ( 0.45%) | Other: ( 0.54%);Q1 = 2  | median = 2  | Q3 =  8  | mean = 4.91  | stdev = 3.95;
Studiejaar;Studiejaar;TRUE;numeric;0;1;2;NA;FALSE;2: (58%) | 1: (42%);Q1 = 1  | median = 2  | Q3 =  2  | mean = 1.58  | stdev = 0.493;
StudiejaarStudent;StudiejaarStudent;TRUE;numeric;3,593890386;1;7;NA;FALSE;1: (27.1%) | 2: (17.4%) | 3: (15.7%) | 5: (15.4%) | 6: (10.7%) | 7: ( 9.3%) | 4: ( 4.4%);Q1 = 1  | median = 3  | Q3 =  5  | mean = 3.3  | stdev = 2.1;
TypeStudent;TypeStudent;TRUE;numeric;0;1;3;NA;FALSE;1: (76.82%) | 2: (23.00%) | 3: ( 0.18%);Q1 = 1  | median = 1  | Q3 =  1  | mean = 1.23  | stdev = 0.428;
BrinVolgNummerActueel;BrinVolgNummerActueel;TRUE;numeric;0;0;0;NA;FALSE;0: (100%);Q1 = 0  | median = 0  | Q3 =  0  | mean = 0  | stdev = 0;
Woonsituatie;Woonsituatie;TRUE;numeric;0,808625337;1;5;NA;FALSE;2: (41.6%) | 1: (23.3%) | 4: (19.0%) | 3: (13.6%) | 5: ( 2.6%);Q1 = 2  | median = 2  | Q3 =  3  | mean = 2.34  | stdev = 1.09;
AlgemeenOordeel_01;AlgemeenOordeel_01;TRUE;numeric;0,359389039;1;5;NA;FALSE;4: (55.5%) | 5: (25.1%) | 3: (14.2%) | 2: ( 3.8%) | 1: ( 1.4%);Q1 = 4  | median = 4  | Q3 =  5  | mean = 4  | stdev = 0.802;
AlgemeenOordeel_02;AlgemeenOordeel_02;TRUE;numeric;1,707097934;1;5;NA;FALSE;4: (57.1%) | 5: (19.6%) | 3: (18.0%) | 2: ( 3.4%) | 1: ( 1.9%);Q1 = 4  | median = 4  | Q3 =  4  | mean = 3.94  | stdev = 0.731;
AlgemeenOordeel_03;AlgemeenOordeel_03;TRUE;numeric;1,617250674;1;5;NA;FALSE;4: (49.2%) | 5: (22.2%) | 3: (21.3%) | 2: ( 5.1%) | 1: ( 2.2%);Q1 = 3  | median = 4  | Q3 =  4  | mean = 3.89  | stdev = 0.829;
AlgemeenOordeel_04;AlgemeenOordeel_04;TRUE;numeric;1,886792453;1;5;NA;FALSE;4: (45.6%) | 3: (24.3%) | 5: (22.3%) | 2: ( 5.6%) | 1: ( 2.3%);Q1 = 3  | median = 4  | Q3 =  4  | mean = 3.85  | stdev = 0.849;
AlgemeenOordeel_16;AlgemeenOordeel_16;TRUE;numeric;2,69541779;1;5;NA;FALSE;3: (35.6%) | 4: (32.2%) | 5: (14.4%) | 2: (13.1%) | 1: ( 4.8%);Q1 = 3  | median = 3  | Q3 =  4  | mean = 3.45  | stdev = 0.97;
AlgemeenOordeel_06;AlgemeenOordeel_06;TRUE;numeric;1,707097934;1;5;NA;FALSE;4: (46.6%) | 3: (27.0%) | 5: (15.9%) | 2: ( 7.4%) | 1: ( 3.1%);Q1 = 3  | median = 4  | Q3 =  4  | mean = 3.7  | stdev = 0.876;
AlgemeenOordeel_07;AlgemeenOordeel_07;TRUE;numeric;1,886792453;1;5;NA;FALSE;4: (44.4%) | 3: (29.6%) | 5: (12.0%) | 2: (10.7%) | 1: ( 3.3%);Q1 = 3  | median = 4  | Q3 =  4  | mean = 3.56  | stdev = 0.894;
AlgemeenOordeel_08;AlgemeenOordeel_08;TRUE;numeric;2,066486972;1;5;NA;FALSE;4: (40.9%) | 5: (23.5%) | 3: (22.9%) | 2: ( 9.3%) | 1: ( 3.3%);Q1 = 3  | median = 4  | Q3 =  4  | mean = 3.78  | stdev = 0.961;
AlgemeenOordeel_09;AlgemeenOordeel_09;TRUE;numeric;1,707097934;1;5;NA;FALSE;4: (43%) | 3: (28%) | 5: (14%) | 2: (12%) | 1: ( 4%);Q1 = 3  | median = 4  | Q3 =  4  | mean = 3.55  | stdev = 0.949;
AlgemeenOordeel_10;AlgemeenOordeel_10;TRUE;numeric;1,707097934;1;5;NA;FALSE;4: (46.5%) | 3: (22.5%) | 5: (21.0%) | 2: ( 6.9%) | 1: ( 3.1%);Q1 = 3  | median = 4  | Q3 =  4  | mean = 3.8  | stdev = 0.904;
AlgemeenOordeel_11;AlgemeenOordeel_11;TRUE;numeric;1,707097934;1;5;NA;FALSE;4: (45.5%) | 3: (28.8%) | 5: (12.8%) | 2: ( 9.3%) | 1: ( 3.6%);Q1 = 3  | median = 4  | Q3 =  4  | mean = 3.59  | stdev = 0.9;
AlgemeenOordeel_12;AlgemeenOordeel_12;TRUE;numeric;2,51572327;1;5;NA;FALSE;3: (34.2%) | 4: (32.9%) | 5: (15.7%) | 2: (11.6%) | 1: ( 5.6%);Q1 = 3  | median = 3  | Q3 =  4  | mean = 3.48  | stdev = 0.999;
AlgemeenOordeel_14;AlgemeenOordeel_14;TRUE;numeric;1,617250674;1;5;NA;FALSE;4: (40.6%) | 5: (38.9%) | 3: (13.0%) | 2: ( 4.9%) | 1: ( 2.6%);Q1 = 4  | median = 4  | Q3 =  5  | mean = 4.13  | stdev = 0.893;
AlgemeenOordeel_15;AlgemeenOordeel_15;TRUE;numeric;2,69541779;1;5;NA;FALSE;4: (34.9%) | 3: (26.9%) | 5: (21.5%) | 2: (10.9%) | 1: ( 5.9%);Q1 = 3  | median = 4  | Q3 =  4  | mean = 3.62  | stdev = 1.05;
AlgemeenOordeel_17;AlgemeenOordeel_17;TRUE;numeric;1,707097934;1;5;NA;FALSE;4: (40.4%) | 5: (37.3%) | 3: (14.3%) | 2: ( 4.6%) | 1: ( 3.4%);Q1 = 4  | median = 4  | Q3 =  5  | mean = 4.09  | stdev = 0.928;
AlgemeenOordeel_18;AlgemeenOordeel_18;TRUE;numeric;2,066486972;1;5;NA;FALSE;4: (44.3%) | 5: (28.7%) | 3: (18.7%) | 2: ( 5.4%) | 1: ( 3.0%);Q1 = 3  | median = 4  | Q3 =  5  | mean = 3.96  | stdev = 0.886;
AlgemeenOordeel_19;AlgemeenOordeel_19;TRUE;numeric;6,199460916;1;5;NA;FALSE;4: (27.5%) | 3: (23.8%) | 5: (23.7%) | 2: (15.6%) | 1: ( 9.3%);Q1 = 3  | median = 4  | Q3 =  5  | mean = 3.57  | stdev = 1.13;
Inhoud;Inhoud;TRUE;numeric;3,324348607;2;5;NA;FALSE;3.875: ( 9.9%) | 4: ( 9.8%) | 3.75: ( 7.6%) | 3.625: ( 6.7%) | 4.125: ( 6.2%) | 3.5: ( 6.0%) | 4.375: ( 5.8%) | 3.375: ( 5.1%) | 4.25: ( 4.6%) | 4.5: ( 4.1%) | Other: (34.1%);Q1 = 3.5  | median = 3.875  | Q3 =  4.25  | mean = 3.81  | stdev = 0.617;
Inhoud_01;Inhoud_01;TRUE;numeric;3,414195867;1;5;NA;FALSE;4: (50.1%) | 5: (20.1%) | 3: (18.8%) | 2: ( 6.8%) | 1: ( 4.1%);Q1 = 3  | median = 4  | Q3 =  4  | mean = 3.85  | stdev = 0.855;
Inhoud_02;Inhoud_02;TRUE;numeric;3,593890386;1;5;NA;FALSE;4: (48.0%) | 5: (22.0%) | 3: (18.2%) | 2: ( 6.6%) | 1: ( 5.1%);Q1 = 3  | median = 4  | Q3 =  4  | mean = 3.85  | stdev = 0.903;
Inhoud_03;Inhoud_03;TRUE;numeric;5,570530099;1;5;NA;FALSE;4: (43.7%) | 3: (21.2%) | 5: (20.1%) | 2: ( 7.7%) | 1: ( 7.3%);Q1 = 3  | median = 4  | Q3 =  4  | mean = 3.77  | stdev = 0.936;
Inhoud_04;Inhoud_04;TRUE;numeric;3,324348607;1;5;NA;FALSE;4: (47.7%) | 3: (20.8%) | 5: (20.8%) | 2: ( 6.6%) | 1: ( 4.0%);Q1 = 3  | median = 4  | Q3 =  4  | mean = 3.84  | stdev = 0.863;
Inhoud_05;Inhoud_05;TRUE;numeric;4,312668464;1;5;NA;FALSE;4: (45.0%) | 5: (22.6%) | 3: (19.9%) | 2: ( 7.0%) | 1: ( 5.4%);Q1 = 3  | median = 4  | Q3 =  4  | mean = 3.85  | stdev = 0.904;
Inhoud_06;Inhoud_06;TRUE;numeric;3,234501348;1;5;NA;FALSE;4: (45%) | 3: (26%) | 5: (17%) | 2: ( 8%) | 1: ( 4%);Q1 = 3  | median = 4  | Q3 =  4  | mean = 3.73  | stdev = 0.874;
Inhoud_07;Inhoud_07;TRUE;numeric;3,324348607;1;5;NA;FALSE;4: (50.0%) | 3: (24.3%) | 5: (15.9%) | 2: ( 5.8%) | 1: ( 4.0%);Q1 = 3  | median = 4  | Q3 =  4  | mean = 3.77  | stdev = 0.816;
Inhoud_09;Inhoud_09;TRUE;numeric;3,324348607;1;5;NA;FALSE;4: (50.0%) | 3: (22.8%) | 5: (17.7%) | 2: ( 5.6%) | 1: ( 4.0%);Q1 = 3  | median = 4  | Q3 =  4  | mean = 3.81  | stdev = 0.821;
Inhoud_10;Inhoud_10;TRUE;numeric;99,19137466;1;5;NA;FALSE;4: ( 0.45%) | 5: ( 0.18%) | 1: ( 0.09%) | 3: (99.28%);Q1 = 4  | median = 4  | Q3 =  4  | mean = 3.78  | stdev = 1.2;
Inhoud_11;Inhoud_11;TRUE;numeric;99,19137466;1;5;NA;FALSE;4: ( 0.27%) | 5: ( 0.27%) | 3: ( 0.18%) | 1: (99.28%);Q1 = 3  | median = 4  | Q3 =  5  | mean = 3.78  | stdev = 1.3;
AlgemeneVaardigheden;AlgemeneVaardigheden;TRUE;numeric;3,863432165;2;5;NA;FALSE;4: (14.7%) | 3.66666666666667: ( 9.8%) | 4.16666666666667: ( 9.4%) | 3.83333333333333: ( 9.3%) | 3.5: ( 7.9%) | 4.33333333333333: ( 7.6%) | 4.5: ( 5.6%) | 5: ( 5.5%) | 3.33333333333333: ( 5.4%) | 3.16666666666667: ( 4.4%) | Other: (20.4%);Q1 = 3.5  | median = 4  | Q3 =  4.33333333333333  | mean = 3.91  | stdev = 0.619;
AlgemeneVaardigheden_01;AlgemeneVaardigheden_01;TRUE;numeric;3,953279425;1;5;NA;FALSE;4: (44.4%) | 5: (30.7%) | 3: (16.4%) | 2: ( 4.0%) | 1: ( 4.5%);Q1 = 4  | median = 4  | Q3 =  5  | mean = 4.05  | stdev = 0.839;
AlgemeneVaardigheden_03;AlgemeneVaardigheden_03;TRUE;numeric;3,953279425;1;5;NA;FALSE;4: (48.4%) | 5: (25.5%) | 3: (17.9%) | 2: ( 3.5%) | 1: ( 4.7%);Q1 = 4  | median = 4  | Q3 =  5  | mean = 3.98  | stdev = 0.816;
AlgemeneVaardigheden_04;AlgemeneVaardigheden_04;TRUE;numeric;4,312668464;1;5;NA;FALSE;4: (46.8%) | 3: (22.8%) | 5: (21.0%) | 2: ( 4.6%) | 1: ( 4.8%);Q1 = 3  | median = 4  | Q3 =  4  | mean = 3.87  | stdev = 0.822;
AlgemeneVaardigheden_05;AlgemeneVaardigheden_05;TRUE;numeric;3,863432165;1;5;NA;FALSE;4: (44.3%) | 5: (26.4%) | 3: (18.7%) | 2: ( 5.5%) | 1: ( 5.1%);Q1 = 3  | median = 4  | Q3 =  5  | mean = 3.93  | stdev = 0.9;
AlgemeneVaardigheden_06;AlgemeneVaardigheden_06;TRUE;numeric;3,953279425;1;5;NA;FALSE;4: (51.9%) | 5: (22.6%) | 3: (16.9%) | 2: ( 3.7%) | 1: ( 4.9%);Q1 = 4  | median = 4  | Q3 =  4  | mean = 3.96  | stdev = 0.805;
AlgemeneVaardigheden_07;AlgemeneVaardigheden_07;TRUE;numeric;4,492362983;1;5;NA;FALSE;4: (43.0%) | 3: (26.1%) | 5: (16.8%) | 2: ( 8.7%) | 1: ( 5.3%);Q1 = 3  | median = 4  | Q3 =  4  | mean = 3.69  | stdev = 0.893;
WetenschappelijkeVaardighedenWo;WetenschappelijkeVaardighedenWo;TRUE;numeric;7,637017071;2;5;NA;FALSE;4: (12.6%) | 3.8: (11.1%) | 3: ( 7.5%) | 3.6: ( 7.1%) | 3.2: ( 6.9%) | 3.4: ( 6.5%) | 4.2: ( 6.3%) | 5: ( 5.8%) | 4.4: ( 4.9%) | Other: (31.4%);Q1 = 3.2  | median = 3.8  | Q3 =  4.2  | mean = 3.65  | stdev = 0.779;
WetenschappelijkeVaardighedenWo_01;WetenschappelijkeVaardighedenWo_01;TRUE;numeric;5,30098832;1;5;NA;FALSE;4: (41.8%) | 5: (26.1%) | 3: (21.9%) | 2: ( 4.2%) | 1: ( 6.0%);Q1 = 3  | median = 4  | Q3 =  5  | mean = 3.93  | stdev = 0.866;
WetenschappelijkeVaardighedenWo_02;WetenschappelijkeVaardighedenWo_02;TRUE;numeric;6,469002695;1;5;NA;FALSE;4: (39.0%) | 3: (25.7%) | 5: (21.4%) | 2: ( 6.6%) | 1: ( 7.3%);Q1 = 3  | median = 4  | Q3 =  4  | mean = 3.79  | stdev = 0.906;
WetenschappelijkeVaardighedenWo_04;WetenschappelijkeVaardighedenWo_04;TRUE;numeric;7,99640611;1;5;NA;FALSE;4: (31%) | 3: (26%) | 5: (18%) | 2: (14%) | 1: (11%);Q1 = 3  | median = 4  | Q3 =  4  | mean = 3.51  | stdev = 1.06;
WetenschappelijkeVaardighedenWo_05;WetenschappelijkeVaardighedenWo_05;TRUE;numeric;7,097933513;1;5;NA;FALSE;4: (38.7%) | 3: (27.5%) | 5: (14.1%) | 2: (10.6%) | 1: ( 9.1%);Q1 = 3  | median = 4  | Q3 =  4  | mean = 3.56  | stdev = 0.952;
WetenschappelijkeVaardighedenWo_07;WetenschappelijkeVaardighedenWo_07;TRUE;numeric;7,637017071;1;5;NA;FALSE;4: (33%) | 3: (28%) | 2: (15%) | 5: (14%) | 1: (10%);Q1 = 3  | median = 4  | Q3 =  4  | mean = 3.44  | stdev = 1.02;
WetenschappelijkeVaardighedenHbo;WetenschappelijkeVaardighedenHbo;TRUE;numeric;100;NA;NA;^([0-3])?[0-9]\-([0-1])?[0-9]\-[1-2][0-9]{3}$;FALSE;: (%);Q1 = NA  | median = NA  | Q3 =  NA  | mean = NaN  | stdev = NA;
WetenschappelijkeVaardighedenHbo_01;WetenschappelijkeVaardighedenHbo_01;TRUE;numeric;100;NA;NA;^([0-3])?[0-9]\-([0-1])?[0-9]\-[1-2][0-9]{3}$;FALSE;: (%);Q1 = NA  | median = NA  | Q3 =  NA  | mean = NaN  | stdev = NA;
WetenschappelijkeVaardighedenHbo_02;WetenschappelijkeVaardighedenHbo_02;TRUE;numeric;100;NA;NA;^([0-3])?[0-9]\-([0-1])?[0-9]\-[1-2][0-9]{3}$;FALSE;: (%);Q1 = NA  | median = NA  | Q3 =  NA  | mean = NaN  | stdev = NA;
WetenschappelijkeVaardighedenHbo_04;WetenschappelijkeVaardighedenHbo_04;TRUE;numeric;100;NA;NA;^([0-3])?[0-9]\-([0-1])?[0-9]\-[1-2][0-9]{3}$;FALSE;: (%);Q1 = NA  | median = NA  | Q3 =  NA  | mean = NaN  | stdev = NA;
WetenschappelijkeVaardighedenHbo_05;WetenschappelijkeVaardighedenHbo_05;TRUE;numeric;100;NA;NA;^([0-3])?[0-9]\-([0-1])?[0-9]\-[1-2][0-9]{3}$;FALSE;: (%);Q1 = NA  | median = NA  | Q3 =  NA  | mean = NaN  | stdev = NA;
WetenschappelijkeVaardighedenHbo_06;WetenschappelijkeVaardighedenHbo_06;TRUE;numeric;100;NA;NA;^([0-3])?[0-9]\-([0-1])?[0-9]\-[1-2][0-9]{3}$;FALSE;: (%);Q1 = NA  | median = NA  | Q3 =  NA  | mean = NaN  | stdev = NA;
VoorbereidingBeroepsloopbaan;VoorbereidingBeroepsloopbaan;TRUE;numeric;8,086253369;1;5;NA;FALSE;3.66666666666667: (13.3%) | 3.33333333333333: (12.8%) | 3: (11.9%) | 4: (10.2%) | 2: ( 6.9%) | 2.66666666666667: ( 6.8%) | 4.33333333333333: ( 6.8%) | 2.33333333333333: ( 6.5%) | 4.66666666666667: ( 6.1%) | Other: (18.6%);Q1 = 2.66666666666667  | median = 3.33333333333333  | Q3 =  4  | mean = 3.36  | stdev = 0.926;
VoorbereidingBeroepsloopbaan_01;VoorbereidingBeroepsloopbaan_01;TRUE;numeric;8,535489668;1;5;NA;FALSE;4: (32%) | 3: (28%) | 2: (15%) | 5: (13%) | 1: (12%);Q1 = 3  | median = 3  | Q3 =  4  | mean = 3.4  | stdev = 1.04;
VoorbereidingBeroepsloopbaan_02;VoorbereidingBeroepsloopbaan_02;TRUE;numeric;7,90655885;1;5;NA;FALSE;4: (28%) | 3: (25%) | 5: (19%) | 2: (16%) | 1: (11%);Q1 = 3  | median = 4  | Q3 =  4  | mean = 3.48  | stdev = 1.12;
VoorbereidingBeroepsloopbaan_04;VoorbereidingBeroepsloopbaan_04;TRUE;numeric;10,06289308;1;5;NA;FALSE;3: (27%) | 4: (27%) | 2: (20%) | 5: (11%) | 1: (16%);Q1 = 2  | median = 3  | Q3 =  4  | mean = 3.18  | stdev = 1.1;
AansluitingBeroepspraktijk;AansluitingBeroepspraktijk;TRUE;numeric;99,19137466;1;5;NA;FALSE;3.33333333333333: ( 0.18%) | 5: ( 0.18%) | 1: ( 0.09%) | 2.66666666666667: ( 0.09%) | 3: ( 0.09%) | 4: ( 0.09%) | 4.66666666666667: (99.28%);Q1 = 3  | median = 3.33333333333333  | Q3 =  4.66666666666667  | mean = 3.56  | stdev = 1.29;
AansluitingBeroepspraktijk_01;AansluitingBeroepspraktijk_01;TRUE;numeric;99,19137466;1;5;NA;FALSE;3: ( 0.36%) | 5: ( 0.27%) | 1: ( 0.09%) | 4: (99.28%);Q1 = 3  | median = 3  | Q3 =  5  | mean = 3.56  | stdev = 1.33;
AansluitingBeroepspraktijk_02;AansluitingBeroepspraktijk_02;TRUE;numeric;99,28122192;3;5;NA;FALSE;3: ( 0.27%) | 5: ( 0.27%) | 4: (99.46%);Q1 = 3  | median = 4  | Q3 =  5  | mean = 4  | stdev = 0.926;
AansluitingBeroepspraktijk_03;AansluitingBeroepspraktijk_03;TRUE;numeric;99,19137466;1;5;NA;FALSE;4: ( 0.27%) | 3: ( 0.18%) | 5: ( 0.18%) | 1: ( 0.09%) | 2: (99.28%);Q1 = 3  | median = 4  | Q3 =  4  | mean = 3.44  | stdev = 1.33;
Docenten;Docenten;TRUE;numeric;7,187780773;1;5;NA;FALSE;4: ( 7.9%) | 4.11111111111111: ( 4.6%) | 3.88888888888889: ( 4.5%) | 3: ( 4.3%) | 4.22222222222222: ( 4.0%) | 5: ( 3.7%) | 3.77777777777778: ( 3.6%) | 4.33333333333333: ( 3.3%) | 3.66666666666667: ( 2.8%) | Other: (61.4%);Q1 = 3.125  | median = 3.77777777777778  | Q3 =  4.14285714285714  | mean = 3.67  | stdev = 0.765;
Docenten_01;Docenten_01;TRUE;numeric;7,187780773;1;5;NA;FALSE;4: (38.5%) | 5: (27.9%) | 3: (18.9%) | 2: ( 6.4%) | 1: ( 8.4%);Q1 = 3  | median = 4  | Q3 =  5  | mean = 3.92  | stdev = 0.942;
Docenten_02;Docenten_02;TRUE;numeric;7,097933513;1;5;NA;FALSE;4: (41.3%) | 3: (26.2%) | 5: (12.3%) | 2: (10.3%) | 1: ( 9.8%);Q1 = 3  | median = 4  | Q3 =  4  | mean = 3.54  | stdev = 0.954;
Docenten_03;Docenten_03;TRUE;numeric;8,625336927;1;5;NA;FALSE;4: (30%) | 3: (23%) | 5: (21%) | 2: (13%) | 1: (12%);Q1 = 3  | median = 4  | Q3 =  4  | mean = 3.59  | stdev = 1.11;
Docenten_04;Docenten_04;TRUE;numeric;7,187780773;1;5;NA;FALSE;4: (39.1%) | 3: (22.0%) | 5: (21.0%) | 2: ( 8.9%) | 1: ( 9.0%);Q1 = 3  | median = 4  | Q3 =  4  | mean = 3.74  | stdev = 0.977;
Docenten_05;Docenten_05;TRUE;numeric;7,277628032;1;5;NA;FALSE;4: (39.2%) | 3: (26.5%) | 5: (15.6%) | 2: ( 9.0%) | 1: ( 9.7%);Q1 = 3  | median = 4  | Q3 =  4  | mean = 3.61  | stdev = 0.963;
Docenten_06;Docenten_06;TRUE;numeric;7,277628032;1;5;NA;FALSE;4: (37%) | 3: (29%) | 5: (13%) | 2: (11%) | 1: (10%);Q1 = 3  | median = 4  | Q3 =  4  | mean = 3.48  | stdev = 0.979;
Docenten_07;Docenten_07;TRUE;numeric;7,457322552;1;5;NA;FALSE;4: (35%) | 3: (28%) | 5: (16%) | 2: (10%) | 1: (10%);Q1 = 3  | median = 4  | Q3 =  4  | mean = 3.56  | stdev = 1;
Docenten_08;Docenten_08;TRUE;numeric;8,805031447;1;5;NA;FALSE;4: (42.6%) | 5: (22.5%) | 3: (20.0%) | 2: ( 4.9%) | 1: (10.0%);Q1 = 3  | median = 4  | Q3 =  4  | mean = 3.88  | stdev = 0.886;
Docenten_09;Docenten_09;TRUE;numeric;37,01707098;1;5;NA;FALSE;4: (22.7%) | 5: (20.1%) | 3: (13.4%) | 2: ( 5.3%) | 1: (38.5%);Q1 = 3  | median = 4  | Q3 =  5  | mean = 3.87  | stdev = 1.03;
Studiebegeleiding;Studiebegeleiding;TRUE;numeric;12,66846361;1;5;NA;FALSE;4: (18.4%) | 3: (12.8%) | 3.66666666666667: (12.4%) | 3.33333333333333: ( 8.4%) | 5: ( 7.8%) | 2.66666666666667: ( 5.5%) | 4.33333333333333: ( 4.9%) | 2: ( 4.8%) | 4.66666666666667: ( 3.8%) | Other: (21.3%);Q1 = 3  | median = 3.66666666666667  | Q3 =  4  | mean = 3.52  | stdev = 0.886;
Studiebegeleiding_04;Studiebegeleiding_04;TRUE;numeric;10,96136568;1;5;NA;FALSE;4: (38.0%) | 3: (25.2%) | 5: (15.9%) | 2: ( 8.2%) | 1: (12.7%);Q1 = 3  | median = 4  | Q3 =  4  | mean = 3.65  | stdev = 0.94;
Studiebegeleiding_05;Studiebegeleiding_05;TRUE;numeric;17,34052111;1;5;NA;FALSE;4: (35%) | 3: (24%) | 5: (12%) | 2: ( 9%) | 1: (19%);Q1 = 3  | median = 4  | Q3 =  4  | mean = 3.57  | stdev = 0.95;
Studiebegeleiding_06;Studiebegeleiding_06;TRUE;numeric;12,12938005;1;5;NA;FALSE;4: (29%) | 3: (28%) | 2: (15%) | 5: (12%) | 1: (16%);Q1 = 3  | median = 3  | Q3 =  4  | mean = 3.35  | stdev = 1.05;
ToetsingBeoordeling;ToetsingBeoordeling;TRUE;numeric;8,445642408;1;5;NA;FALSE;4: (22.3%) | 3.75: (10.3%) | 3.5: ( 9.0%) | 3: ( 8.5%) | 4.25: ( 6.7%) | 3.25: ( 6.3%) | 5: ( 5.5%) | 2.75: ( 5.3%) | 2.5: ( 4.0%) | Other: (22.1%);Q1 = 3  | median = 3.75  | Q3 =  4  | mean = 3.64  | stdev = 0.762;
ToetsingBeoordeling_01;ToetsingBeoordeling_01;TRUE;numeric;8,445642408;1;5;NA;FALSE;4: (41%) | 3: (25%) | 5: (13%) | 2: (11%) | 1: (11%);Q1 = 3  | median = 4  | Q3 =  4  | mean = 3.56  | stdev = 0.954;
ToetsingBeoordeling_02;ToetsingBeoordeling_02;TRUE;numeric;8,625336927;1;5;NA;FALSE;4: (44.9%) | 3: (24.7%) | 5: (13.8%) | 2: ( 6.3%) | 1: (10.2%);Q1 = 3  | median = 4  | Q3 =  4  | mean = 3.69  | stdev = 0.872;
ToetsingBeoordeling_04;ToetsingBeoordeling_04;TRUE;numeric;8,535489668;1;5;NA;FALSE;4: (44.3%) | 3: (24.6%) | 5: (13.1%) | 2: ( 8.2%) | 1: ( 9.8%);Q1 = 3  | median = 4  | Q3 =  4  | mean = 3.65  | stdev = 0.88;
ToetsingBeoordeling_05;ToetsingBeoordeling_05;TRUE;numeric;11,32075472;1;5;NA;FALSE;4: (43.9%) | 3: (24.3%) | 5: (11.3%) | 2: ( 7.6%) | 1: (12.8%);Q1 = 3  | median = 4  | Q3 =  4  | mean = 3.63  | stdev = 0.871;
ToetsingBeoordeling_06;ToetsingBeoordeling_06;TRUE;numeric;8,265947889;1;5;NA;FALSE;3: (67.0%) | 4: (17.3%) | 2: ( 4.9%) | 5: ( 2.0%) | 1: ( 8.8%);Q1 = 3  | median = 3  | Q3 =  3  | mean = 3.17  | stdev = 0.569;
Informatievoorziening;Informatievoorziening;TRUE;numeric;8,894878706;1;5;NA;FALSE;4: (13.1%) | 3.5: (10.9%) | 3: (10.2%) | 3.75: ( 9.6%) | 3.25: ( 9.1%) | 2.75: ( 8.2%) | 2.5: ( 6.5%) | 4.25: ( 4.7%) | 2.25: ( 4.0%) | Other: (23.8%);Q1 = 2.75  | median = 3.5  | Q3 =  4  | mean = 3.4  | stdev = 0.78;
Informatievoorziening_02;Informatievoorziening_02;TRUE;numeric;9,254267745;1;5;NA;FALSE;4: (44.2%) | 3: (23.9%) | 5: (13.7%) | 2: ( 7.6%) | 1: (10.5%);Q1 = 3  | median = 4  | Q3 =  4  | mean = 3.68  | stdev = 0.879;
Informatievoorziening_03;Informatievoorziening_03;TRUE;numeric;8,894878706;1;5;NA;FALSE;4: (37%) | 3: (27%) | 2: (12%) | 5: (12%) | 1: (11%);Q1 = 3  | median = 4  | Q3 =  4  | mean = 3.48  | stdev = 0.966;
Informatievoorziening_04;Informatievoorziening_04;TRUE;numeric;10,42228212;1;5;NA;FALSE;4: (30%) | 3: (26%) | 2: (17%) | 5: (11%) | 1: (16%);Q1 = 2  | median = 3  | Q3 =  4  | mean = 3.25  | stdev = 1.09;
Informatievoorziening_05;Informatievoorziening_05;TRUE;numeric;8,805031447;1;5;NA;FALSE;4: (28%) | 3: (26%) | 2: (19%) | 5: (11%) | 1: (16%);Q1 = 2  | median = 3  | Q3 =  4  | mean = 3.18  | stdev = 1.12;
Studierooster;Studierooster;TRUE;numeric;9,433962264;1;5;NA;FALSE;4: (15.7%) | 3.75: (10.7%) | 3.5: ( 9.1%) | 3: ( 8.3%) | 3.25: ( 7.6%) | 5: ( 7.2%) | 4.25: ( 5.8%) | 2.75: ( 5.2%) | 4.5: ( 5.2%) | Other: (25.2%);Q1 = 3  | median = 3.75  | Q3 =  4  | mean = 3.63  | stdev = 0.822;
Studierooster_01;Studierooster_01;TRUE;numeric;9,074573226;1;5;NA;FALSE;4: (34%) | 5: (22%) | 3: (21%) | 2: (10%) | 1: (12%);Q1 = 3  | median = 4  | Q3 =  4  | mean = 3.68  | stdev = 1.08;
Studierooster_02;Studierooster_02;TRUE;numeric;11,50044924;1;5;NA;FALSE;4: (33%) | 3: (23%) | 2: (15%) | 5: (14%) | 1: (16%);Q1 = 3  | median = 4  | Q3 =  4  | mean = 3.42  | stdev = 1.08;
Studierooster_03;Studierooster_03;TRUE;numeric;9,344115004;1;5;NA;FALSE;4: (38.6%) | 3: (21.7%) | 5: (17.9%) | 2: ( 8.8%) | 1: (12.9%);Q1 = 3  | median = 4  | Q3 =  4  | mean = 3.64  | stdev = 1.03;
Studierooster_04;Studierooster_04;TRUE;numeric;10,42228212;1;5;NA;FALSE;4: (44.9%) | 3: (20.3%) | 5: (17.2%) | 2: ( 5.2%) | 1: (12.4%);Q1 = 3  | median = 4  | Q3 =  4  | mean = 3.78  | stdev = 0.896;
Studielast;Studielast;TRUE;numeric;10,15274034;1;5;NA;FALSE;4: (12.1%) | 3.75: (10.8%) | 3.5: (10.4%) | 3: ( 8.7%) | 3.25: ( 8.5%) | 2.75: ( 7.6%) | 4.25: ( 5.5%) | 4.5: ( 4.5%) | 2.5: ( 3.9%) | Other: (27.9%);Q1 = 3  | median = 3.5  | Q3 =  4  | mean = 3.44  | stdev = 0.812;
Studielast_01;Studielast_01;TRUE;numeric;10,2425876;1;5;NA;FALSE;4: (36%) | 3: (27%) | 5: (13%) | 2: (10%) | 1: (14%);Q1 = 3  | median = 4  | Q3 =  4  | mean = 3.49  | stdev = 1.02;
Studielast_02;Studielast_02;TRUE;numeric;9,973045822;1;5;NA;FALSE;4: (43.1%) | 3: (25.4%) | 5: (12.6%) | 2: ( 7.3%) | 1: (11.6%);Q1 = 3  | median = 4  | Q3 =  4  | mean = 3.64  | stdev = 0.883;
Studielast_04;Studielast_04;TRUE;numeric;11,68014376;1;5;NA;FALSE;4: (32%) | 3: (20%) | 2: (15%) | 5: (14%) | 1: (18%);Q1 = 3  | median = 4  | Q3 =  4  | mean = 3.36  | stdev = 1.16;
Studielast_05;Studielast_05;TRUE;numeric;11,50044924;1;5;NA;FALSE;4: (31.9%) | 3: (25.7%) | 2: (16.3%) | 5: ( 9.5%) | 1: (16.6%);Q1 = 3  | median = 3  | Q3 =  4  | mean = 3.28  | stdev = 1.06;
Studielast_06;Studielast_06;TRUE;numeric;99,28122192;1;5;NA;FALSE;4: ( 0.27%) | 3: ( 0.18%) | 1: ( 0.09%) | 2: ( 0.09%) | 5: (99.37%);Q1 = 2.75  | median = 3.5  | Q3 =  4  | mean = 3.25  | stdev = 1.28;
Groepsgrootte;Groepsgrootte;TRUE;numeric;13,11769991;1;5;NA;FALSE;4: (28.2%) | 5: (19.5%) | 3.66666666666667: ( 8.5%) | 4.33333333333333: ( 7.0%) | 3: ( 6.8%) | 4.66666666666667: ( 6.6%) | 3.33333333333333: ( 4.8%) | 4.5: ( 1.5%) | 2.66666666666667: ( 1.4%) | Other: (15.6%);Q1 = 3.66666666666667  | median = 4  | Q3 =  4.66666666666667  | mean = 4.09  | stdev = 0.723;
Groepsgrootte_01;Groepsgrootte_01;TRUE;numeric;13,47708895;1;5;NA;FALSE;4: (41.5%) | 5: (25.6%) | 3: (13.6%) | 2: ( 4.2%) | 1: (15.1%);Q1 = 4  | median = 4  | Q3 =  5  | mean = 3.99  | stdev = 0.904;
Groepsgrootte_02;Groepsgrootte_02;TRUE;numeric;13,56693621;1;5;NA;FALSE;4: (42.0%) | 5: (33.2%) | 3: ( 9.2%) | 2: ( 1.4%) | 1: (14.2%);Q1 = 4  | median = 4  | Q3 =  5  | mean = 4.22  | stdev = 0.757;
Groepsgrootte_03;Groepsgrootte_03;TRUE;numeric;18,86792453;1;5;NA;FALSE;4: (37.2%) | 5: (25.5%) | 3: (15.1%) | 2: ( 2.5%) | 1: (19.7%);Q1 = 4  | median = 4  | Q3 =  5  | mean = 4.04  | stdev = 0.845;
Stages_02;Stages_02;TRUE;numeric;19,49685535;1;2;NA;FALSE;2: (60%) | 1: (40%);Q1 = 1  | median = 2  | Q3 =  2  | mean = 1.74  | stdev = 0.438;
StageEnOpleiding;StageEnOpleiding;TRUE;numeric;79,87421384;1;5;NA;FALSE;3: ( 4.13%) | 4: ( 3.86%) | 2.5: ( 2.61%) | 2: ( 2.34%) | 5: ( 2.34%) | 3.5: ( 2.16%) | 4.5: ( 1.17%) | 1: ( 0.99%) | 1.5: (80.41%);Q1 = 2.5  | median = 3  | Q3 =  4  | mean = 3.25  | stdev = 1.08;
StageEnOpleiding_01;StageEnOpleiding_01;TRUE;numeric;80,05390836;1;5;NA;FALSE;3: ( 5.8%) | 4: ( 5.7%) | 2: ( 3.9%) | 5: ( 3.1%) | 1: (81.6%);Q1 = 2  | median = 3  | Q3 =  4  | mean = 3.25  | stdev = 1.16;
StageEnOpleiding_02;StageEnOpleiding_02;TRUE;numeric;80,23360288;1;5;NA;FALSE;3: ( 6.4%) | 4: ( 5.6%) | 2: ( 3.8%) | 5: ( 2.7%) | 1: (81.6%);Q1 = 2  | median = 3  | Q3 =  4  | mean = 3.23  | stdev = 1.12;
StageErvaring;StageErvaring;TRUE;numeric;79,5148248;1;5;NA;FALSE;4: ( 5.30%) | 5: ( 3.41%) | 3.33333333333333: ( 1.89%) | 3.66666666666667: ( 1.89%) | 4.66666666666667: ( 1.89%) | 3: ( 1.80%) | 4.33333333333333: ( 1.71%) | 2.66666666666667: ( 1.26%) | 1: ( 0.36%) | Other: (80.50%);Q1 = 3.33333333333333  | median = 4  | Q3 =  4.66666666666667  | mean = 3.87  | stdev = 0.872;
StageErvaring_01;StageErvaring_01;TRUE;numeric;79,9640611;1;5;NA;FALSE;4: ( 7.8%) | 5: ( 6.0%) | 3: ( 3.4%) | 2: ( 1.5%) | 1: (81.2%);Q1 = 3  | median = 4  | Q3 =  5  | mean = 3.79  | stdev = 1.14;
StageErvaring_02;StageErvaring_02;TRUE;numeric;79,5148248;1;5;NA;FALSE;4: ( 8.54%) | 5: ( 6.92%) | 3: ( 3.86%) | 1: ( 0.63%) | 2: (80.05%);Q1 = 4  | median = 4  | Q3 =  5  | mean = 4  | stdev = 0.955;
StageErvaring_03;StageErvaring_03;TRUE;numeric;79,60467206;1;5;NA;FALSE;4: ( 9.7%) | 5: ( 5.1%) | 3: ( 3.2%) | 2: ( 1.6%) | 1: (80.3%);Q1 = 3  | median = 4  | Q3 =  4.5  | mean = 3.83  | stdev = 1.01;
Studiefaciliteiten;Studiefaciliteiten;TRUE;numeric;10,51212938;1;5;NA;FALSE;4: (13.0%) | 3.83333333333333: ( 7.2%) | 3: ( 6.7%) | 3.5: ( 5.3%) | 3.66666666666667: ( 5.2%) | 3.33333333333333: ( 4.9%) | 5: ( 4.8%) | 2.83333333333333: ( 4.7%) | 3.16666666666667: ( 3.5%) | Other: (44.7%);Q1 = 3  | median = 3.66666666666667  | Q3 =  4  | mean = 3.52  | stdev = 0.835;
Studiefaciliteiten_01;Studiefaciliteiten_01;TRUE;numeric;10,33243486;1;5;NA;FALSE;4: (42.0%) | 5: (19.6%) | 3: (18.2%) | 2: ( 7.7%) | 1: (12.4%);Q1 = 3  | median = 4  | Q3 =  4  | mean = 3.77  | stdev = 0.961;
Studiefaciliteiten_02;Studiefaciliteiten_02;TRUE;numeric;11,23090746;1;5;NA;FALSE;4: (34%) | 3: (19%) | 5: (18%) | 2: (13%) | 1: (14%);Q1 = 3  | median = 4  | Q3 =  4  | mean = 3.58  | stdev = 1.08;
Studiefaciliteiten_03;Studiefaciliteiten_03;TRUE;numeric;11,41060198;1;5;NA;FALSE;4: (28%) | 3: (21%) | 2: (19%) | 5: (12%) | 1: (18%);Q1 = 2  | median = 3  | Q3 =  4  | mean = 3.22  | stdev = 1.17;
Studiefaciliteiten_05;Studiefaciliteiten_05;TRUE;numeric;18,86792453;1;5;NA;FALSE;4: (33%) | 3: (19%) | 5: (14%) | 2: (11%) | 1: (24%);Q1 = 3  | median = 4  | Q3 =  4  | mean = 3.48  | stdev = 1.1;
Studiefaciliteiten_06;Studiefaciliteiten_06;TRUE;numeric;17,96945193;1;5;NA;FALSE;4: (32%) | 3: (23%) | 5: (13%) | 2: (10%) | 1: (22%);Q1 = 3  | median = 4  | Q3 =  4  | mean = 3.48  | stdev = 1.06;
Studiefaciliteiten_07;Studiefaciliteiten_07;TRUE;numeric;13,02785265;1;5;NA;FALSE;4: (37%) | 3: (25%) | 5: (12%) | 2: (10%) | 1: (16%);Q1 = 3  | median = 4  | Q3 =  4  | mean = 3.52  | stdev = 0.988;
Studiefaciliteiten_08;Studiefaciliteiten_08;TRUE;numeric;100;NA;NA;^([0-3])?[0-9]\-([0-1])?[0-9]\-[1-2][0-9]{3}$;FALSE;: (%);Q1 = NA  | median = NA  | Q3 =  NA  | mean = NaN  | stdev = NA;
Kwaliteitszorg;Kwaliteitszorg;TRUE;numeric;16,53189578;1;5;NA;FALSE;3: (11.9%) | 4: (10.8%) | 2.75: ( 7.6%) | 3.5: ( 7.1%) | 3.25: ( 7.0%) | 3.75: ( 6.0%) | 2.5: ( 5.7%) | 2: ( 5.0%) | 2.25: ( 3.9%) | Other: (35.0%);Q1 = 2.66666666666667  | median = 3.25  | Q3 =  3.75  | mean = 3.18  | stdev = 0.86;
Kwaliteitszorg_01;Kwaliteitszorg_01;TRUE;numeric;14,01617251;1;5;NA;FALSE;4: (35.7%) | 3: (29.1%) | 5: (11.0%) | 2: ( 7.7%) | 1: (16.5%);Q1 = 3  | median = 4  | Q3 =  4  | mean = 3.52  | stdev = 0.928;
Kwaliteitszorg_02;Kwaliteitszorg_02;TRUE;numeric;15,09433962;1;5;NA;FALSE;3: (28.8%) | 4: (22.6%) | 2: (19.9%) | 1: ( 7.5%) | 5: (21.2%);Q1 = 2  | median = 3  | Q3 =  4  | mean = 3  | stdev = 1.07;
Kwaliteitszorg_03;Kwaliteitszorg_03;TRUE;numeric;18,68823001;1;5;NA;FALSE;3: (30.5%) | 4: (23.5%) | 2: (16.8%) | 5: ( 6.1%) | 1: (23.2%);Q1 = 2  | median = 3  | Q3 =  4  | mean = 3.12  | stdev = 1;
Kwaliteitszorg_04;Kwaliteitszorg_04;TRUE;numeric;19,40700809;1;5;NA;FALSE;3: (27.0%) | 4: (22.6%) | 2: (16.7%) | 1: ( 7.3%) | 5: (26.5%);Q1 = 2  | median = 3  | Q3 =  4  | mean = 3.07  | stdev = 1.09;
UitdagendOnderwijs;UitdagendOnderwijs;TRUE;numeric;10,96136568;1;5;NA;FALSE;4: (12.8%) | 3: ( 8.7%) | 3.75: ( 8.6%) | 3.5: ( 8.3%) | 5: ( 7.7%) | 4.25: ( 7.4%) | 3.25: ( 6.9%) | 4.5: ( 5.8%) | 2.75: ( 5.3%) | Other: (28.4%);Q1 = 3  | median = 3.75  | Q3 =  4.25  | mean = 3.65  | stdev = 0.851;
UitdagendOnderwijs_01;UitdagendOnderwijs_01;TRUE;numeric;10,96136568;1;5;NA;FALSE;4: (36%) | 3: (22%) | 5: (20%) | 2: ( 9%) | 1: (13%);Q1 = 3  | median = 4  | Q3 =  4  | mean = 3.7  | stdev = 1;
UitdagendOnderwijs_02;UitdagendOnderwijs_02;TRUE;numeric;11,94968553;1;5;NA;FALSE;4: (29%) | 5: (21%) | 3: (20%) | 2: (15%) | 1: (15%);Q1 = 3  | median = 4  | Q3 =  4  | mean = 3.57  | stdev = 1.12;
UitdagendOnderwijs_03;UitdagendOnderwijs_03;TRUE;numeric;11,50044924;1;5;NA;FALSE;4: (33%) | 3: (25%) | 5: (17%) | 2: (12%) | 1: (14%);Q1 = 3  | median = 4  | Q3 =  4  | mean = 3.56  | stdev = 1.02;
UitdagendOnderwijs_04;UitdagendOnderwijs_04;TRUE;numeric;11,23090746;1;5;NA;FALSE;4: (35.0%) | 5: (21.9%) | 3: (21.3%) | 2: ( 8.9%) | 1: (12.8%);Q1 = 3  | median = 4  | Q3 =  4  | mean = 3.75  | stdev = 0.996;
Internationalisering;Internationalisering;TRUE;numeric;20,21563342;1;5;NA;FALSE;3: ( 9.2%) | 2: ( 7.7%) | 2.25: ( 6.7%) | 5: ( 6.6%) | 3.5: ( 6.2%) | 4: ( 5.7%) | 2.5: ( 4.8%) | 3.75: ( 4.6%) | 3.25: ( 4.0%) | Other: (44.5%);Q1 = 2.25  | median = 3  | Q3 =  4  | mean = 3.16  | stdev = 1.1;
Internationalisering_01;Internationalisering_01;TRUE;numeric;19,22731357;1;5;NA;FALSE;3: (22%) | 2: (21%) | 4: (17%) | 5: (12%) | 1: (28%);Q1 = 2  | median = 3  | Q3 =  4  | mean = 3.03  | stdev = 1.23;
Internationalisering_02;Internationalisering_02;TRUE;numeric;18,86792453;1;5;NA;FALSE;2: (21%) | 3: (19%) | 4: (17%) | 5: (15%) | 1: (27%);Q1 = 2  | median = 3  | Q3 =  4  | mean = 3.13  | stdev = 1.27;
Internationalisering_03;Internationalisering_03;TRUE;numeric;18,23899371;1;5;NA;FALSE;2: (21%) | 3: (21%) | 4: (18%) | 5: (16%) | 1: (25%);Q1 = 2  | median = 3  | Q3 =  4  | mean = 3.19  | stdev = 1.24;
Internationalisering_04;Internationalisering_04;TRUE;numeric;19,40700809;1;5;NA;FALSE;4: (22%) | 3: (22%) | 2: (16%) | 5: (15%) | 1: (25%);Q1 = 2  | median = 3  | Q3 =  4  | mean = 3.31  | stdev = 1.19;
Contact_01;Contact_01;TRUE;numeric;14,01617251;1;6;NA;FALSE;3: (26.8%) | 4: (22.2%) | 5: (14.4%) | 2: (11.4%) | 6: ( 7.1%) | 1: (18.1%);Q1 = 3  | median = 4  | Q3 =  4  | mean = 3.61  | stdev = 1.27;
Contact_02;Contact_02;TRUE;numeric;11,5902965;1;5;NA;FALSE;3: (64.2%) | 4: (10.8%) | 2: (10.7%) | 5: ( 1.6%) | 1: (12.8%);Q1 = 3  | median = 3  | Q3 =  3  | mean = 3.01  | stdev = 0.608;
UltimateQuestion;UltimateQuestion;TRUE;numeric;11,76999102;1;5;NA;FALSE;5: (40.3%) | 4: (29.7%) | 3: (12.8%) | 2: ( 4.2%) | 1: (13.0%);Q1 = 4  | median = 4  | Q3 =  5  | mean = 4.17  | stdev = 0.944;
InternationaleStudenten;InternationaleStudenten;TRUE;numeric;87,51123091;1;5;NA;FALSE;4: ( 1.62%) | 2.66666666666667: ( 1.44%) | 3.66666666666667: ( 1.35%) | 2: ( 1.08%) | 3: ( 1.08%) | 4.33333333333333: ( 1.08%) | 3.33333333333333: ( 0.90%) | 5: ( 0.90%) | 2.33333333333333: ( 0.81%) | Other: (89.76%);Q1 = 2.33333333333333  | median = 3.33333333333333  | Q3 =  4  | mean = 3.21  | stdev = 1.07;
InternationaleStudenten_05;InternationaleStudenten_05;TRUE;numeric;87,51123091;1;5;NA;FALSE;4: ( 3.6%) | 5: ( 3.2%) | 2: ( 2.3%) | 3: ( 2.2%) | 1: (88.6%);Q1 = 2  | median = 4  | Q3 =  5  | mean = 3.45  | stdev = 1.29;
InternationaleStudenten_06;InternationaleStudenten_06;TRUE;numeric;87,78077269;1;5;NA;FALSE;3: ( 3.7%) | 2: ( 3.3%) | 4: ( 2.3%) | 5: ( 1.5%) | 1: (89.1%);Q1 = 2  | median = 3  | Q3 =  4  | mean = 2.95  | stdev = 1.19;
InternationaleStudenten_03;InternationaleStudenten_03;TRUE;numeric;87,78077269;1;5;NA;FALSE;4: ( 3.1%) | 5: ( 2.7%) | 3: ( 2.6%) | 2: ( 2.0%) | 1: (89.6%);Q1 = 2  | median = 3  | Q3 =  4  | mean = 3.24  | stdev = 1.36;
EngelsTaalaanbod;EngelsTaalaanbod;TRUE;numeric;86,61275831;1;5;NA;FALSE;5: ( 6.65%) | 4.5: ( 2.52%) | 4: ( 2.43%) | 3: ( 0.63%) | 3.5: ( 0.63%) | 2: ( 0.27%) | 1.5: ( 0.18%) | 1: (86.70%);Q1 = 4  | median = 4.5  | Q3 =  5  | mean = 4.43  | stdev = 0.806;
EngelsTaalaanbod_01;EngelsTaalaanbod_01;TRUE;numeric;87,06199461;1;5;NA;FALSE;5: ( 9.61%) | 4: ( 2.16%) | 3: ( 0.45%) | 1: ( 0.36%) | 2: (87.42%);Q1 = 4  | median = 5  | Q3 =  5  | mean = 4.57  | stdev = 0.906;
EngelsTaalaanbod_02;EngelsTaalaanbod_02;TRUE;numeric;86,79245283;2;5;NA;FALSE;5: ( 7.0%) | 4: ( 4.2%) | 3: ( 1.4%) | 2: (87.3%);Q1 = 4  | median = 5  | Q3 =  5  | mean = 4.34  | stdev = 0.832;
HebJeFunctiebeperkingAandoeningZiekte;HebJeFunctiebeperkingAandoeningZiekte;TRUE;numeric;14,73495058;0;1;NA;FALSE;0: (75%) | 1: (25%);Q1 = 0  | median = 0  | Q3 =  0  | mean = 0.12  | stdev = 0.325;
Toestemming;Toestemming;TRUE;numeric;89,7574124;1;1;NA;FALSE;1: (100%);Q1 = 1  | median = 1  | Q3 =  1  | mean = 1  | stdev = 0;
FunctiebeperkingAandoeningZiekte;FunctiebeperkingAandoeningZiekte;TRUE;numeric;91,19496855;2;5;NA;FALSE;2.9: ( 0.54%) | 2.7: ( 0.36%) | 3.2: ( 0.36%) | 4: ( 0.36%) | 3: ( 0.27%) | 3.4: ( 0.27%) | 3.8: ( 0.27%) | 3.9: ( 0.27%) | 1.9: ( 0.18%) | Other: (97.12%);Q1 = 2.7  | median = 3.2  | Q3 =  3.8  | mean = 3.22  | stdev = 0.777;
FunctiebeperkingAandoeningZiekte01;FunctiebeperkingAandoeningZiekte01;TRUE;numeric;90,74573226;1;5;NA;FALSE;2: ( 3.3%) | 3: ( 2.7%) | 1: ( 1.4%) | 4: ( 1.3%) | 5: (91.2%);Q1 = 2  | median = 2  | Q3 =  3  | mean = 2.57  | stdev = 1.07;
FunctiebeperkingAandoeningZiekte02;FunctiebeperkingAandoeningZiekte02;TRUE;numeric;91,19496855;1;5;NA;FALSE;2: ( 2.5%) | 3: ( 2.2%) | 1: ( 1.8%) | 4: ( 1.6%) | 5: (91.8%);Q1 = 2  | median = 3  | Q3 =  3.75  | mean = 2.63  | stdev = 1.2;
FunctiebeperkingAandoeningZiekte09;FunctiebeperkingAandoeningZiekte09;TRUE;numeric;90,74573226;1;5;NA;FALSE;4: ( 4.0%) | 3: ( 2.5%) | 2: ( 1.3%) | 5: ( 0.9%) | 1: (91.3%);Q1 = 3  | median = 4  | Q3 =  4  | mean = 3.36  | stdev = 1.04;
FunctiebeperkingAandoeningZiekte03;FunctiebeperkingAandoeningZiekte03;TRUE;numeric;93,17160827;1;5;NA;FALSE;4: ( 2.70%) | 5: ( 2.34%) | 3: ( 1.35%) | 2: ( 0.36%) | 1: (93.26%);Q1 = 3  | median = 4  | Q3 =  5  | mean = 4  | stdev = 0.938;
FunctiebeperkingAandoeningZiekte04;FunctiebeperkingAandoeningZiekte04;TRUE;numeric;91,82389937;1;5;NA;FALSE;4: ( 2.88%) | 3: ( 2.79%) | 2: ( 1.44%) | 1: ( 0.63%) | 5: (92.27%);Q1 = 2.5  | median = 3  | Q3 =  4  | mean = 3.13  | stdev = 1.02;
FunctiebeperkingAandoeningZiekte10;FunctiebeperkingAandoeningZiekte10;TRUE;numeric;91,73405211;1;5;NA;FALSE;4: ( 2.9%) | 3: ( 2.2%) | 5: ( 1.4%) | 2: ( 1.2%) | 1: (92.4%);Q1 = 3  | median = 4  | Q3 =  4  | mean = 3.4  | stdev = 1.16;
FunctiebeperkingAandoeningZiekte05;FunctiebeperkingAandoeningZiekte05;TRUE;numeric;91,55435759;1;5;NA;FALSE;4: ( 3.1%) | 3: ( 2.2%) | 2: ( 1.4%) | 5: ( 1.2%) | 1: (92.1%);Q1 = 3  | median = 4  | Q3 =  4  | mean = 3.35  | stdev = 1.11;
FunctiebeperkingAandoeningZiekte06;FunctiebeperkingAandoeningZiekte06;TRUE;numeric;92,00359389;1;5;NA;FALSE;3: ( 2.7%) | 4: ( 2.6%) | 2: ( 1.3%) | 1: ( 0.9%) | 5: (92.5%);Q1 = 2  | median = 3  | Q3 =  4  | mean = 3.04  | stdev = 1.09;
FunctiebeperkingAandoeningZiekte07;FunctiebeperkingAandoeningZiekte07;TRUE;numeric;91,55435759;1;5;NA;FALSE;4: ( 4.58%) | 5: ( 1.62%) | 3: ( 1.53%) | 2: ( 0.45%) | 1: (91.82%);Q1 = 3  | median = 4  | Q3 =  4  | mean = 3.81  | stdev = 0.919;
FunctiebeperkingAandoeningZiekte08;FunctiebeperkingAandoeningZiekte08;TRUE;numeric;93,26145553;1;5;NA;FALSE;2: ( 1.9%) | 3: ( 1.8%) | 4: ( 1.5%) | 1: ( 0.9%) | 5: (93.9%);Q1 = 2  | median = 3  | Q3 =  4  | mean = 2.87  | stdev = 1.19;
FunctiebeperkingAandoeningZiekte_01;FunctiebeperkingAandoeningZiekte_01;TRUE;numeric;11,76999102;0;1;NA;FALSE;0: (87%) | 1: (13%);Q1 = 0  | median = 0  | Q3 =  0  | mean = 0.0163  | stdev = 0.127;
FunctiebeperkingAandoeningZiekte_02;FunctiebeperkingAandoeningZiekte_02;TRUE;numeric;11,76999102;0;1;NA;FALSE;0: (88%) | 1: (12%);Q1 = 0  | median = 0  | Q3 =  0  | mean = 0.00204  | stdev = 0.0451;
FunctiebeperkingAandoeningZiekte_03;FunctiebeperkingAandoeningZiekte_03;TRUE;numeric;11,76999102;0;1;NA;FALSE;0: (88%) | 1: (12%);Q1 = 0  | median = 0  | Q3 =  0  | mean = 0.00611  | stdev = 0.078;
FunctiebeperkingAandoeningZiekte_04;FunctiebeperkingAandoeningZiekte_04;TRUE;numeric;11,76999102;0;0;NA;FALSE;0: (100%);Q1 = 0  | median = 0  | Q3 =  0  | mean = 0  | stdev = 0;
FunctiebeperkingAandoeningZiekte_05;FunctiebeperkingAandoeningZiekte_05;TRUE;numeric;11,76999102;0;0;NA;FALSE;0: (100%);Q1 = 0  | median = 0  | Q3 =  0  | mean = 0  | stdev = 0;
FunctiebeperkingAandoeningZiekte_06;FunctiebeperkingAandoeningZiekte_06;TRUE;numeric;11,76999102;0;1;NA;FALSE;0: (88%) | 1: (12%);Q1 = 0  | median = 0  | Q3 =  0  | mean = 0.00204  | stdev = 0.0451;
FunctiebeperkingAandoeningZiekte_07;FunctiebeperkingAandoeningZiekte_07;TRUE;numeric;11,76999102;0;1;NA;FALSE;0: (88%) | 1: (12%);Q1 = 0  | median = 0  | Q3 =  0  | mean = 0.00509  | stdev = 0.0712;
FunctiebeperkingAandoeningZiekte_08;FunctiebeperkingAandoeningZiekte_08;TRUE;numeric;11,76999102;0;1;NA;FALSE;0: (88%) | 1: (12%);Q1 = 0  | median = 0  | Q3 =  0  | mean = 0.00102  | stdev = 0.0319;
FunctiebeperkingAandoeningZiekte_09;FunctiebeperkingAandoeningZiekte_09;TRUE;numeric;11,76999102;0;1;NA;FALSE;0: (84%) | 1: (16%);Q1 = 0  | median = 0  | Q3 =  0  | mean = 0.0519  | stdev = 0.222;
FunctiebeperkingAandoeningZiekte_10;FunctiebeperkingAandoeningZiekte_10;TRUE;numeric;11,76999102;0;1;NA;FALSE;0: (88%) | 1: (12%);Q1 = 0  | median = 0  | Q3 =  0  | mean = 0.00102  | stdev = 0.0319;
FunctiebeperkingAandoeningZiekte_11;FunctiebeperkingAandoeningZiekte_11;TRUE;numeric;11,76999102;0;1;NA;FALSE;0: (88%) | 1: (12%);Q1 = 0  | median = 0  | Q3 =  0  | mean = 0.00305  | stdev = 0.0552;
FunctiebeperkingAandoeningZiekte_12;FunctiebeperkingAandoeningZiekte_12;TRUE;numeric;11,76999102;0;1;NA;FALSE;0: (88%) | 1: (12%);Q1 = 0  | median = 0  | Q3 =  0  | mean = 0.00102  | stdev = 0.0319;
FunctiebeperkingAandoeningZiekte_13;FunctiebeperkingAandoeningZiekte_13;TRUE;numeric;11,76999102;0;1;NA;FALSE;0: (88%) | 1: (12%);Q1 = 0  | median = 0  | Q3 =  0  | mean = 0.00305  | stdev = 0.0552;
FunctiebeperkingAandoeningZiekte_14;FunctiebeperkingAandoeningZiekte_14;TRUE;numeric;11,76999102;0;1;NA;FALSE;0: (88%) | 1: (12%);Q1 = 0  | median = 0  | Q3 =  0  | mean = 0.00102  | stdev = 0.0319;
FunctiebeperkingAandoeningZiekte_15;FunctiebeperkingAandoeningZiekte_15;TRUE;numeric;11,76999102;0;1;NA;FALSE;0: (88%) | 1: (12%);Q1 = 0  | median = 0  | Q3 =  0  | mean = 0.00509  | stdev = 0.0712;
FunctiebeperkingAandoeningZiekte_16;FunctiebeperkingAandoeningZiekte_16;TRUE;numeric;11,76999102;0;1;NA;FALSE;0: (88%) | 1: (12%);Q1 = 0  | median = 0  | Q3 =  0  | mean = 0.00102  | stdev = 0.0319;
FunctiebeperkingAandoeningZiekte_17;FunctiebeperkingAandoeningZiekte_17;TRUE;numeric;11,76999102;0;1;NA;FALSE;0: (88%) | 1: (12%);Q1 = 0  | median = 0  | Q3 =  0  | mean = 0.00305  | stdev = 0.0552;
FunctiebeperkingAandoeningZiekte_18;FunctiebeperkingAandoeningZiekte_18;TRUE;numeric;11,76999102;0;1;NA;FALSE;0: (88%) | 1: (12%);Q1 = 0  | median = 0  | Q3 =  0  | mean = 0.00204  | stdev = 0.0451;
FunctiebeperkingAandoeningZiekte_19;FunctiebeperkingAandoeningZiekte_19;TRUE;numeric;11,76999102;0;0;NA;FALSE;0: (100%);Q1 = 0  | median = 0  | Q3 =  0  | mean = 0  | stdev = 0;
FunctiebeperkingAandoeningZiekte_20;FunctiebeperkingAandoeningZiekte_20;TRUE;numeric;11,76999102;0;1;NA;FALSE;0: (88%) | 1: (12%);Q1 = 0  | median = 0  | Q3 =  0  | mean = 0.00102  | stdev = 0.0319;
FunctiebeperkingAandoeningZiekte_21;FunctiebeperkingAandoeningZiekte_21;TRUE;numeric;11,76999102;0;1;NA;FALSE;0: (85%) | 1: (15%);Q1 = 0  | median = 0  | Q3 =  0  | mean = 0.0336  | stdev = 0.18;
FunctiebeperkingAandoeningZiekte_22;FunctiebeperkingAandoeningZiekte_22;TRUE;numeric;11,76999102;0;0;NA;FALSE;0: (100%);Q1 = 0  | median = 0  | Q3 =  0  | mean = 0  | stdev = 0;
FunctiebeperkingAandoeningZiekte_23;FunctiebeperkingAandoeningZiekte_23;TRUE;numeric;11,76999102;0;1;NA;FALSE;0: (88%) | 1: (12%);Q1 = 0  | median = 0  | Q3 =  0  | mean = 0.00102  | stdev = 0.0319;
FunctiebeperkingAandoeningZiekte_24;FunctiebeperkingAandoeningZiekte_24;TRUE;numeric;11,76999102;0;0;NA;FALSE;0: (100%);Q1 = 0  | median = 0  | Q3 =  0  | mean = 0  | stdev = 0;
FunctiebeperkingAandoeningZiekte_25;FunctiebeperkingAandoeningZiekte_25;TRUE;numeric;11,76999102;0;1;NA;FALSE;0: (88%) | 1: (12%);Q1 = 0  | median = 0  | Q3 =  0  | mean = 0.00102  | stdev = 0.0319;
FunctiebeperkingAandoeningZiekte_26;FunctiebeperkingAandoeningZiekte_26;TRUE;numeric;11,76999102;0;0;NA;FALSE;0: (100%);Q1 = 0  | median = 0  | Q3 =  0  | mean = 0  | stdev = 0;
FunctiebeperkingAandoeningZiekte_27;FunctiebeperkingAandoeningZiekte_27;TRUE;numeric;11,76999102;0;1;NA;FALSE;0: (87%) | 1: (13%);Q1 = 0  | median = 0  | Q3 =  0  | mean = 0.00916  | stdev = 0.0953;
FunctiebeperkingAandoeningZiekte_28;FunctiebeperkingAandoeningZiekte_28;TRUE;numeric;11,76999102;0;1;NA;FALSE;0: (87%) | 1: (13%);Q1 = 0  | median = 0  | Q3 =  0  | mean = 0.0112  | stdev = 0.105;
FunctiebeperkingAandoeningZiekte_29;FunctiebeperkingAandoeningZiekte_29;TRUE;numeric;11,76999102;0;1;NA;FALSE;0: (88%) | 1: (12%);Q1 = 0  | median = 0  | Q3 =  0  | mean = 0.00305  | stdev = 0.0552;
FunctiebeperkingAandoeningZiekte_30;FunctiebeperkingAandoeningZiekte_30;TRUE;numeric;0;0;1;NA;FALSE;0: (1e+02%) | 1: (9e-02%);Q1 = 0  | median = 0  | Q3 =  0  | mean = 0.000898  | stdev = 0.03;
FunctiebeperkingAandoeningZiekte_01_01;FunctiebeperkingAandoeningZiekte_01_01;TRUE;numeric;98,56244385;1;3;NA;FALSE;1: ( 1.26%) | 2: ( 0.09%) | 3: (98.65%);Q1 = 1  | median = 1  | Q3 =  1  | mean = 1.19  | stdev = 0.544;
FunctiebeperkingAandoeningZiekte_01_02;FunctiebeperkingAandoeningZiekte_01_02;TRUE;numeric;99,82030548;1;3;NA;FALSE;1: (9e-02%) | 3: (1e+02%);Q1 = 1.5  | median = 2  | Q3 =  2.5  | mean = 2  | stdev = 1.41;
FunctiebeperkingAandoeningZiekte_01_03;FunctiebeperkingAandoeningZiekte_01_03;TRUE;numeric;99,46091644;1;3;NA;FALSE;1: (  0.27%) | 3: (  0.18%) | 2: ( 99.55%);Q1 = 1  | median = 1.5  | Q3 =  2.75  | mean = 1.83  | stdev = 0.983;
FunctiebeperkingAandoeningZiekte_01_04;FunctiebeperkingAandoeningZiekte_01_04;TRUE;numeric;100;NA;NA;^([0-3])?[0-9]\-([0-1])?[0-9]\-[1-2][0-9]{3}$;FALSE;: (%);Q1 = NA  | median = NA  | Q3 =  NA  | mean = NaN  | stdev = NA;
FunctiebeperkingAandoeningZiekte_01_05;FunctiebeperkingAandoeningZiekte_01_05;TRUE;numeric;100;NA;NA;^([0-3])?[0-9]\-([0-1])?[0-9]\-[1-2][0-9]{3}$;FALSE;: (%);Q1 = NA  | median = NA  | Q3 =  NA  | mean = NaN  | stdev = NA;
FunctiebeperkingAandoeningZiekte_01_06;FunctiebeperkingAandoeningZiekte_01_06;TRUE;numeric;99,82030548;1;1;NA;FALSE;1: (100%);Q1 = 1  | median = 1  | Q3 =  1  | mean = 1  | stdev = 0;
FunctiebeperkingAandoeningZiekte_01_07;FunctiebeperkingAandoeningZiekte_01_07;TRUE;numeric;99,5507637;1;2;NA;FALSE;1: (  0.27%) | 2: ( 99.73%);Q1 = 1  | median = 1  | Q3 =  2  | mean = 1.4  | stdev = 0.548;
FunctiebeperkingAandoeningZiekte_01_08;FunctiebeperkingAandoeningZiekte_01_08;TRUE;numeric;99,91015274;1;1;NA;FALSE;1: (100%);Q1 = 1  | median = 1  | Q3 =  1  | mean = 1  | stdev = NA;
FunctiebeperkingAandoeningZiekte_01_09;FunctiebeperkingAandoeningZiekte_01_09;TRUE;numeric;95,41778976;1;1;NA;FALSE;1: (100%);Q1 = 1  | median = 1  | Q3 =  1  | mean = 1  | stdev = 0;
FunctiebeperkingAandoeningZiekte_01_10;FunctiebeperkingAandoeningZiekte_01_10;TRUE;numeric;99,91015274;1;1;NA;FALSE;1: (100%);Q1 = 1  | median = 1  | Q3 =  1  | mean = 1  | stdev = NA;
FunctiebeperkingAandoeningZiekte_01_30;FunctiebeperkingAandoeningZiekte_01_30;TRUE;numeric;99,91015274;1;1;NA;FALSE;1: (100%);Q1 = 1  | median = 1  | Q3 =  1  | mean = 1  | stdev = NA;
FunctiebeperkingAandoeningZiekte_01_11;FunctiebeperkingAandoeningZiekte_01_11;TRUE;numeric;99,73045822;1;3;NA;FALSE;1: (  0.18%) | 3: ( 99.82%);Q1 = 1  | median = 1  | Q3 =  2  | mean = 1.67  | stdev = 1.15;
FunctiebeperkingAandoeningZiekte_01_12;FunctiebeperkingAandoeningZiekte_01_12;TRUE;numeric;99,91015274;3;3;NA;FALSE;3: (100%);Q1 = 3  | median = 3  | Q3 =  3  | mean = 3  | stdev = NA;
FunctiebeperkingAandoeningZiekte_01_13;FunctiebeperkingAandoeningZiekte_01_13;TRUE;numeric;99,73045822;1;1;NA;FALSE;1: (100%);Q1 = 1  | median = 1  | Q3 =  1  | mean = 1  | stdev = 0;
FunctiebeperkingAandoeningZiekte_01_14;FunctiebeperkingAandoeningZiekte_01_14;TRUE;numeric;99,91015274;1;1;NA;FALSE;1: (100%);Q1 = 1  | median = 1  | Q3 =  1  | mean = 1  | stdev = NA;
FunctiebeperkingAandoeningZiekte_01_15;FunctiebeperkingAandoeningZiekte_01_15;TRUE;numeric;99,5507637;1;2;NA;FALSE;1: (  0.36%) | 2: ( 99.64%);Q1 = 1  | median = 1  | Q3 =  1  | mean = 1.2  | stdev = 0.447;
FunctiebeperkingAandoeningZiekte_01_16;FunctiebeperkingAandoeningZiekte_01_16;TRUE;numeric;99,91015274;1;1;NA;FALSE;1: (100%);Q1 = 1  | median = 1  | Q3 =  1  | mean = 1  | stdev = NA;
FunctiebeperkingAandoeningZiekte_01_17;FunctiebeperkingAandoeningZiekte_01_17;TRUE;numeric;99,73045822;1;2;NA;FALSE;1: (  0.18%) | 2: ( 99.82%);Q1 = 1  | median = 1  | Q3 =  1.5  | mean = 1.33  | stdev = 0.577;
FunctiebeperkingAandoeningZiekte_01_18;FunctiebeperkingAandoeningZiekte_01_18;TRUE;numeric;99,82030548;1;1;NA;FALSE;1: (100%);Q1 = 1  | median = 1  | Q3 =  1  | mean = 1  | stdev = 0;
FunctiebeperkingAandoeningZiekte_01_19;FunctiebeperkingAandoeningZiekte_01_19;TRUE;numeric;100;NA;NA;^([0-3])?[0-9]\-([0-1])?[0-9]\-[1-2][0-9]{3}$;FALSE;: (%);Q1 = NA  | median = NA  | Q3 =  NA  | mean = NaN  | stdev = NA;
FunctiebeperkingAandoeningZiekte_01_20;FunctiebeperkingAandoeningZiekte_01_20;TRUE;numeric;99,91015274;2;2;NA;FALSE;2: (100%);Q1 = 2  | median = 2  | Q3 =  2  | mean = 2  | stdev = NA;
FunctiebeperkingAandoeningZiekte_01_21;FunctiebeperkingAandoeningZiekte_01_21;TRUE;numeric;97,03504043;1;4;NA;FALSE;1: ( 1.71%) | 2: ( 0.54%) | 3: ( 0.54%) | 4: (97.21%);Q1 = 1  | median = 1  | Q3 =  2  | mean = 1.73  | stdev = 0.977;
FunctiebeperkingAandoeningZiekte_01_22;FunctiebeperkingAandoeningZiekte_01_22;TRUE;numeric;100;NA;NA;^([0-3])?[0-9]\-([0-1])?[0-9]\-[1-2][0-9]{3}$;FALSE;: (%);Q1 = NA  | median = NA  | Q3 =  NA  | mean = NaN  | stdev = NA;
FunctiebeperkingAandoeningZiekte_01_23;FunctiebeperkingAandoeningZiekte_01_23;TRUE;numeric;99,91015274;1;1;NA;FALSE;1: (100%);Q1 = 1  | median = 1  | Q3 =  1  | mean = 1  | stdev = NA;
FunctiebeperkingAandoeningZiekte_01_24;FunctiebeperkingAandoeningZiekte_01_24;TRUE;numeric;100;NA;NA;^([0-3])?[0-9]\-([0-1])?[0-9]\-[1-2][0-9]{3}$;FALSE;: (%);Q1 = NA  | median = NA  | Q3 =  NA  | mean = NaN  | stdev = NA;
FunctiebeperkingAandoeningZiekte_01_25;FunctiebeperkingAandoeningZiekte_01_25;TRUE;numeric;99,91015274;1;1;NA;FALSE;1: (100%);Q1 = 1  | median = 1  | Q3 =  1  | mean = 1  | stdev = NA;
FunctiebeperkingAandoeningZiekte_01_26;FunctiebeperkingAandoeningZiekte_01_26;TRUE;numeric;100;NA;NA;^([0-3])?[0-9]\-([0-1])?[0-9]\-[1-2][0-9]{3}$;FALSE;: (%);Q1 = NA  | median = NA  | Q3 =  NA  | mean = NaN  | stdev = NA;
FunctiebeperkingAandoeningZiekte_01_27;FunctiebeperkingAandoeningZiekte_01_27;TRUE;numeric;99,19137466;1;1;NA;FALSE;1: (100%);Q1 = 1  | median = 1  | Q3 =  1  | mean = 1  | stdev = 0;
FunctiebeperkingAandoeningZiekte_01_28;FunctiebeperkingAandoeningZiekte_01_28;TRUE;numeric;99,01168014;1;4;NA;FALSE;2: ( 0.45%) | 1: ( 0.18%) | 3: ( 0.18%) | 4: (99.19%);Q1 = 2  | median = 2  | Q3 =  3  | mean = 2.36  | stdev = 1.03;
FunctiebeperkingAandoeningZiekte_01_29;FunctiebeperkingAandoeningZiekte_01_29;TRUE;numeric;99,73045822;1;1;NA;FALSE;1: (100%);Q1 = 1  | median = 1  | Q3 =  1  | mean = 1  | stdev = 0;
FunctiebeperkingAandoeningZiekte_02_01;FunctiebeperkingAandoeningZiekte_02_01;TRUE;numeric;98,56244385;3;5;NA;FALSE;3: ( 0.72%) | 4: ( 0.63%) | 5: (98.65%);Q1 = 3  | median = 3.5  | Q3 =  4  | mean = 3.56  | stdev = 0.629;
FunctiebeperkingAandoeningZiekte_02_02;FunctiebeperkingAandoeningZiekte_02_02;TRUE;numeric;99,82030548;2;3;NA;FALSE;2: (9e-02%) | 3: (1e+02%);Q1 = 2.25  | median = 2.5  | Q3 =  2.75  | mean = 2.5  | stdev = 0.707;
FunctiebeperkingAandoeningZiekte_02_03;FunctiebeperkingAandoeningZiekte_02_03;TRUE;numeric;99,46091644;1;5;NA;FALSE;3: (  0.27%) | 1: (  0.09%) | 2: (  0.09%) | 5: ( 99.55%);Q1 = 2.25  | median = 3  | Q3 =  3  | mean = 2.83  | stdev = 1.33;
FunctiebeperkingAandoeningZiekte_02_04;FunctiebeperkingAandoeningZiekte_02_04;TRUE;numeric;100;NA;NA;^([0-3])?[0-9]\-([0-1])?[0-9]\-[1-2][0-9]{3}$;FALSE;: (%);Q1 = NA  | median = NA  | Q3 =  NA  | mean = NaN  | stdev = NA;
FunctiebeperkingAandoeningZiekte_02_05;FunctiebeperkingAandoeningZiekte_02_05;TRUE;numeric;100;NA;NA;^([0-3])?[0-9]\-([0-1])?[0-9]\-[1-2][0-9]{3}$;FALSE;: (%);Q1 = NA  | median = NA  | Q3 =  NA  | mean = NaN  | stdev = NA;
FunctiebeperkingAandoeningZiekte_02_06;FunctiebeperkingAandoeningZiekte_02_06;TRUE;numeric;99,82030548;3;4;NA;FALSE;3: (9e-02%) | 4: (1e+02%);Q1 = 3.25  | median = 3.5  | Q3 =  3.75  | mean = 3.5  | stdev = 0.707;
FunctiebeperkingAandoeningZiekte_02_07;FunctiebeperkingAandoeningZiekte_02_07;TRUE;numeric;99,5507637;4;5;NA;FALSE;4: (  0.36%) | 5: ( 99.64%);Q1 = 4  | median = 4  | Q3 =  4  | mean = 4.2  | stdev = 0.447;
FunctiebeperkingAandoeningZiekte_02_08;FunctiebeperkingAandoeningZiekte_02_08;TRUE;numeric;99,91015274;4;4;NA;FALSE;4: (100%);Q1 = 4  | median = 4  | Q3 =  4  | mean = 4  | stdev = NA;
FunctiebeperkingAandoeningZiekte_02_09;FunctiebeperkingAandoeningZiekte_02_09;TRUE;numeric;95,41778976;1;4;NA;FALSE;3: ( 2.70%) | 2: ( 0.81%) | 4: ( 0.63%) | 1: (95.87%);Q1 = 2  | median = 3  | Q3 =  3  | mean = 2.76  | stdev = 0.815;
FunctiebeperkingAandoeningZiekte_02_10;FunctiebeperkingAandoeningZiekte_02_10;TRUE;numeric;99,91015274;3;3;NA;FALSE;3: (100%);Q1 = 3  | median = 3  | Q3 =  3  | mean = 3  | stdev = NA;
FunctiebeperkingAandoeningZiekte_02_30;FunctiebeperkingAandoeningZiekte_02_30;TRUE;numeric;99,91015274;3;3;NA;FALSE;3: (100%);Q1 = 3  | median = 3  | Q3 =  3  | mean = 3  | stdev = NA;
FunctiebeperkingAandoeningZiekte_02_11;FunctiebeperkingAandoeningZiekte_02_11;TRUE;numeric;99,73045822;2;5;NA;FALSE;2: (9e-02%) | 3: (9e-02%) | 5: (1e+02%);Q1 = 2.5  | median = 3  | Q3 =  4  | mean = 3.33  | stdev = 1.53;
FunctiebeperkingAandoeningZiekte_02_12;FunctiebeperkingAandoeningZiekte_02_12;TRUE;numeric;99,91015274;3;3;NA;FALSE;3: (100%);Q1 = 3  | median = 3  | Q3 =  3  | mean = 3  | stdev = NA;
FunctiebeperkingAandoeningZiekte_02_13;FunctiebeperkingAandoeningZiekte_02_13;TRUE;numeric;99,73045822;3;4;NA;FALSE;3: (  0.18%) | 4: ( 99.82%);Q1 = 3  | median = 3  | Q3 =  3.5  | mean = 3.33  | stdev = 0.577;
FunctiebeperkingAandoeningZiekte_02_14;FunctiebeperkingAandoeningZiekte_02_14;TRUE;numeric;99,91015274;3;3;NA;FALSE;3: (100%);Q1 = 3  | median = 3  | Q3 =  3  | mean = 3  | stdev = NA;
FunctiebeperkingAandoeningZiekte_02_15;FunctiebeperkingAandoeningZiekte_02_15;TRUE;numeric;99,5507637;1;4;NA;FALSE;4: (  0.18%) | 1: (  0.09%) | 2: (  0.09%) | 3: ( 99.64%);Q1 = 2  | median = 3  | Q3 =  4  | mean = 2.8  | stdev = 1.3;
FunctiebeperkingAandoeningZiekte_02_16;FunctiebeperkingAandoeningZiekte_02_16;TRUE;numeric;99,91015274;3;3;NA;FALSE;3: (100%);Q1 = 3  | median = 3  | Q3 =  3  | mean = 3  | stdev = NA;
FunctiebeperkingAandoeningZiekte_02_17;FunctiebeperkingAandoeningZiekte_02_17;TRUE;numeric;99,73045822;2;3;NA;FALSE;3: (  0.18%) | 2: ( 99.82%);Q1 = 2.5  | median = 3  | Q3 =  3  | mean = 2.67  | stdev = 0.577;
FunctiebeperkingAandoeningZiekte_02_18;FunctiebeperkingAandoeningZiekte_02_18;TRUE;numeric;99,82030548;2;3;NA;FALSE;2: (9e-02%) | 3: (1e+02%);Q1 = 2.25  | median = 2.5  | Q3 =  2.75  | mean = 2.5  | stdev = 0.707;
FunctiebeperkingAandoeningZiekte_02_19;FunctiebeperkingAandoeningZiekte_02_19;TRUE;numeric;100;NA;NA;^([0-3])?[0-9]\-([0-1])?[0-9]\-[1-2][0-9]{3}$;FALSE;: (%);Q1 = NA  | median = NA  | Q3 =  NA  | mean = NaN  | stdev = NA;
FunctiebeperkingAandoeningZiekte_02_20;FunctiebeperkingAandoeningZiekte_02_20;TRUE;numeric;99,91015274;1;1;NA;FALSE;1: (100%);Q1 = 1  | median = 1  | Q3 =  1  | mean = 1  | stdev = NA;
FunctiebeperkingAandoeningZiekte_02_21;FunctiebeperkingAandoeningZiekte_02_21;TRUE;numeric;97,03504043;2;5;NA;FALSE;4: ( 1.26%) | 3: ( 0.81%) | 5: ( 0.81%) | 2: (97.12%);Q1 = 3  | median = 4  | Q3 =  5  | mean = 3.94  | stdev = 0.827;
FunctiebeperkingAandoeningZiekte_02_22;FunctiebeperkingAandoeningZiekte_02_22;TRUE;numeric;100;NA;NA;^([0-3])?[0-9]\-([0-1])?[0-9]\-[1-2][0-9]{3}$;FALSE;: (%);Q1 = NA  | median = NA  | Q3 =  NA  | mean = NaN  | stdev = NA;
FunctiebeperkingAandoeningZiekte_02_23;FunctiebeperkingAandoeningZiekte_02_23;TRUE;numeric;99,91015274;5;5;NA;FALSE;5: (100%);Q1 = 5  | median = 5  | Q3 =  5  | mean = 5  | stdev = NA;
FunctiebeperkingAandoeningZiekte_02_24;FunctiebeperkingAandoeningZiekte_02_24;TRUE;numeric;100;NA;NA;^([0-3])?[0-9]\-([0-1])?[0-9]\-[1-2][0-9]{3}$;FALSE;: (%);Q1 = NA  | median = NA  | Q3 =  NA  | mean = NaN  | stdev = NA;
FunctiebeperkingAandoeningZiekte_02_25;FunctiebeperkingAandoeningZiekte_02_25;TRUE;numeric;99,91015274;4;4;NA;FALSE;4: (100%);Q1 = 4  | median = 4  | Q3 =  4  | mean = 4  | stdev = NA;
FunctiebeperkingAandoeningZiekte_02_26;FunctiebeperkingAandoeningZiekte_02_26;TRUE;numeric;100;NA;NA;^([0-3])?[0-9]\-([0-1])?[0-9]\-[1-2][0-9]{3}$;FALSE;: (%);Q1 = NA  | median = NA  | Q3 =  NA  | mean = NaN  | stdev = NA;
FunctiebeperkingAandoeningZiekte_02_27;FunctiebeperkingAandoeningZiekte_02_27;TRUE;numeric;99,19137466;2;4;NA;FALSE;2: ( 0.36%) | 3: ( 0.36%) | 4: (99.28%);Q1 = 2  | median = 3  | Q3 =  3  | mean = 2.67  | stdev = 0.707;
FunctiebeperkingAandoeningZiekte_02_28;FunctiebeperkingAandoeningZiekte_02_28;TRUE;numeric;99,01168014;3;5;NA;FALSE;4: ( 0.54%) | 3: ( 0.27%) | 5: (99.19%);Q1 = 3.5  | median = 4  | Q3 =  4  | mean = 3.91  | stdev = 0.701;
FunctiebeperkingAandoeningZiekte_02_29;FunctiebeperkingAandoeningZiekte_02_29;TRUE;numeric;99,73045822;2;5;NA;FALSE;2: (9e-02%) | 4: (9e-02%) | 5: (1e+02%);Q1 = 3  | median = 4  | Q3 =  4.5  | mean = 3.67  | stdev = 1.53;
FunctiebeperkingAandoeningZiekte_03_01;FunctiebeperkingAandoeningZiekte_03_01;TRUE;numeric;98,56244385;1;2;NA;FALSE;1: ( 0.72%) | 2: (99.28%);Q1 = 1  | median = 1.5  | Q3 =  2  | mean = 1.5  | stdev = 0.516;
FunctiebeperkingAandoeningZiekte_03_02;FunctiebeperkingAandoeningZiekte_03_02;TRUE;numeric;99,82030548;2;2;NA;FALSE;2: (100%);Q1 = 2  | median = 2  | Q3 =  2  | mean = 2  | stdev = 0;
FunctiebeperkingAandoeningZiekte_03_03;FunctiebeperkingAandoeningZiekte_03_03;TRUE;numeric;99,5507637;1;2;NA;FALSE;2: (  0.36%) | 1: ( 99.64%);Q1 = 2  | median = 2  | Q3 =  2  | mean = 1.8  | stdev = 0.447;
FunctiebeperkingAandoeningZiekte_03_04;FunctiebeperkingAandoeningZiekte_03_04;TRUE;numeric;100;NA;NA;^([0-3])?[0-9]\-([0-1])?[0-9]\-[1-2][0-9]{3}$;FALSE;: (%);Q1 = NA  | median = NA  | Q3 =  NA  | mean = NaN  | stdev = NA;
FunctiebeperkingAandoeningZiekte_03_05;FunctiebeperkingAandoeningZiekte_03_05;TRUE;numeric;100;NA;NA;^([0-3])?[0-9]\-([0-1])?[0-9]\-[1-2][0-9]{3}$;FALSE;: (%);Q1 = NA  | median = NA  | Q3 =  NA  | mean = NaN  | stdev = NA;
FunctiebeperkingAandoeningZiekte_03_06;FunctiebeperkingAandoeningZiekte_03_06;TRUE;numeric;99,82030548;1;2;NA;FALSE;1: (9e-02%) | 2: (1e+02%);Q1 = 1.25  | median = 1.5  | Q3 =  1.75  | mean = 1.5  | stdev = 0.707;
FunctiebeperkingAandoeningZiekte_03_07;FunctiebeperkingAandoeningZiekte_03_07;TRUE;numeric;99,5507637;1;2;NA;FALSE;2: (  0.27%) | 1: ( 99.73%);Q1 = 1  | median = 2  | Q3 =  2  | mean = 1.6  | stdev = 0.548;
FunctiebeperkingAandoeningZiekte_03_08;FunctiebeperkingAandoeningZiekte_03_08;TRUE;numeric;99,91015274;2;2;NA;FALSE;2: (100%);Q1 = 2  | median = 2  | Q3 =  2  | mean = 2  | stdev = NA;
FunctiebeperkingAandoeningZiekte_03_09;FunctiebeperkingAandoeningZiekte_03_09;TRUE;numeric;95,86702606;1;2;NA;FALSE;1: ( 3.1%) | 2: (96.9%);Q1 = 1  | median = 1  | Q3 =  1.75  | mean = 1.26  | stdev = 0.444;
FunctiebeperkingAandoeningZiekte_03_10;FunctiebeperkingAandoeningZiekte_03_10;TRUE;numeric;99,91015274;2;2;NA;FALSE;2: (100%);Q1 = 2  | median = 2  | Q3 =  2  | mean = 2  | stdev = NA;
FunctiebeperkingAandoeningZiekte_03_30;FunctiebeperkingAandoeningZiekte_03_30;TRUE;numeric;99,91015274;2;2;NA;FALSE;2: (100%);Q1 = 2  | median = 2  | Q3 =  2  | mean = 2  | stdev = NA;
FunctiebeperkingAandoeningZiekte_03_11;FunctiebeperkingAandoeningZiekte_03_11;TRUE;numeric;99,73045822;2;2;NA;FALSE;2: (100%);Q1 = 2  | median = 2  | Q3 =  2  | mean = 2  | stdev = 0;
FunctiebeperkingAandoeningZiekte_03_12;FunctiebeperkingAandoeningZiekte_03_12;TRUE;numeric;99,91015274;2;2;NA;FALSE;2: (100%);Q1 = 2  | median = 2  | Q3 =  2  | mean = 2  | stdev = NA;
FunctiebeperkingAandoeningZiekte_03_13;FunctiebeperkingAandoeningZiekte_03_13;TRUE;numeric;99,73045822;1;2;NA;FALSE;2: (  0.18%) | 1: ( 99.82%);Q1 = 1.5  | median = 2  | Q3 =  2  | mean = 1.67  | stdev = 0.577;
FunctiebeperkingAandoeningZiekte_03_14;FunctiebeperkingAandoeningZiekte_03_14;TRUE;numeric;99,91015274;1;1;NA;FALSE;1: (100%);Q1 = 1  | median = 1  | Q3 =  1  | mean = 1  | stdev = NA;
FunctiebeperkingAandoeningZiekte_03_15;FunctiebeperkingAandoeningZiekte_03_15;TRUE;numeric;99,64061096;2;2;NA;FALSE;2: (100%);Q1 = 2  | median = 2  | Q3 =  2  | mean = 2  | stdev = 0;
FunctiebeperkingAandoeningZiekte_03_16;FunctiebeperkingAandoeningZiekte_03_16;TRUE;numeric;99,91015274;2;2;NA;FALSE;2: (100%);Q1 = 2  | median = 2  | Q3 =  2  | mean = 2  | stdev = NA;
FunctiebeperkingAandoeningZiekte_03_17;FunctiebeperkingAandoeningZiekte_03_17;TRUE;numeric;99,73045822;2;2;NA;FALSE;2: (100%);Q1 = 2  | median = 2  | Q3 =  2  | mean = 2  | stdev = 0;
FunctiebeperkingAandoeningZiekte_03_18;FunctiebeperkingAandoeningZiekte_03_18;TRUE;numeric;99,82030548;1;2;NA;FALSE;1: (9e-02%) | 2: (1e+02%);Q1 = 1.25  | median = 1.5  | Q3 =  1.75  | mean = 1.5  | stdev = 0.707;
FunctiebeperkingAandoeningZiekte_03_19;FunctiebeperkingAandoeningZiekte_03_19;TRUE;numeric;100;NA;NA;^([0-3])?[0-9]\-([0-1])?[0-9]\-[1-2][0-9]{3}$;FALSE;: (%);Q1 = NA  | median = NA  | Q3 =  NA  | mean = NaN  | stdev = NA;
FunctiebeperkingAandoeningZiekte_03_20;FunctiebeperkingAandoeningZiekte_03_20;TRUE;numeric;100;NA;NA;^([0-3])?[0-9]\-([0-1])?[0-9]\-[1-2][0-9]{3}$;FALSE;: (%);Q1 = NA  | median = NA  | Q3 =  NA  | mean = NaN  | stdev = NA;
FunctiebeperkingAandoeningZiekte_03_21;FunctiebeperkingAandoeningZiekte_03_21;TRUE;numeric;97,03504043;1;2;NA;FALSE;2: ( 1.5%) | 1: (98.5%);Q1 = 1  | median = 2  | Q3 =  2  | mean = 1.52  | stdev = 0.508;
FunctiebeperkingAandoeningZiekte_03_22;FunctiebeperkingAandoeningZiekte_03_22;TRUE;numeric;100;NA;NA;^([0-3])?[0-9]\-([0-1])?[0-9]\-[1-2][0-9]{3}$;FALSE;: (%);Q1 = NA  | median = NA  | Q3 =  NA  | mean = NaN  | stdev = NA;
FunctiebeperkingAandoeningZiekte_03_23;FunctiebeperkingAandoeningZiekte_03_23;TRUE;numeric;99,91015274;2;2;NA;FALSE;2: (100%);Q1 = 2  | median = 2  | Q3 =  2  | mean = 2  | stdev = NA;
FunctiebeperkingAandoeningZiekte_03_24;FunctiebeperkingAandoeningZiekte_03_24;TRUE;numeric;100;NA;NA;^([0-3])?[0-9]\-([0-1])?[0-9]\-[1-2][0-9]{3}$;FALSE;: (%);Q1 = NA  | median = NA  | Q3 =  NA  | mean = NaN  | stdev = NA;
FunctiebeperkingAandoeningZiekte_03_25;FunctiebeperkingAandoeningZiekte_03_25;TRUE;numeric;99,91015274;2;2;NA;FALSE;2: (100%);Q1 = 2  | median = 2  | Q3 =  2  | mean = 2  | stdev = NA;
FunctiebeperkingAandoeningZiekte_03_26;FunctiebeperkingAandoeningZiekte_03_26;TRUE;numeric;100;NA;NA;^([0-3])?[0-9]\-([0-1])?[0-9]\-[1-2][0-9]{3}$;FALSE;: (%);Q1 = NA  | median = NA  | Q3 =  NA  | mean = NaN  | stdev = NA;
FunctiebeperkingAandoeningZiekte_03_27;FunctiebeperkingAandoeningZiekte_03_27;TRUE;numeric;99,19137466;1;2;NA;FALSE;1: (  0.45%) | 2: ( 99.55%);Q1 = 1  | median = 1  | Q3 =  2  | mean = 1.44  | stdev = 0.527;
FunctiebeperkingAandoeningZiekte_03_28;FunctiebeperkingAandoeningZiekte_03_28;TRUE;numeric;99,01168014;1;2;NA;FALSE;2: ( 0.9%) | 1: (99.1%);Q1 = 2  | median = 2  | Q3 =  2  | mean = 1.91  | stdev = 0.302;
FunctiebeperkingAandoeningZiekte_03_29;FunctiebeperkingAandoeningZiekte_03_29;TRUE;numeric;99,73045822;1;2;NA;FALSE;1: (  0.18%) | 2: ( 99.82%);Q1 = 1  | median = 1  | Q3 =  1.5  | mean = 1.33  | stdev = 0.577;
FunctiebeperkingAandoeningZiekte_04_01;FunctiebeperkingAandoeningZiekte_04_01;TRUE;numeric;99,28122192;1;3;NA;FALSE;1: ( 0.27%) | 2: ( 0.27%) | 3: (99.46%);Q1 = 1  | median = 2  | Q3 =  2.25  | mean = 1.88  | stdev = 0.835;
FunctiebeperkingAandoeningZiekte_04_02;FunctiebeperkingAandoeningZiekte_04_02;TRUE;numeric;100;NA;NA;^([0-3])?[0-9]\-([0-1])?[0-9]\-[1-2][0-9]{3}$;FALSE;: (%);Q1 = NA  | median = NA  | Q3 =  NA  | mean = NaN  | stdev = NA;
FunctiebeperkingAandoeningZiekte_04_03;FunctiebeperkingAandoeningZiekte_04_03;TRUE;numeric;99,91015274;1;1;NA;FALSE;1: (100%);Q1 = 1  | median = 1  | Q3 =  1  | mean = 1  | stdev = NA;
FunctiebeperkingAandoeningZiekte_04_04;FunctiebeperkingAandoeningZiekte_04_04;TRUE;numeric;100;NA;NA;^([0-3])?[0-9]\-([0-1])?[0-9]\-[1-2][0-9]{3}$;FALSE;: (%);Q1 = NA  | median = NA  | Q3 =  NA  | mean = NaN  | stdev = NA;
FunctiebeperkingAandoeningZiekte_04_05;FunctiebeperkingAandoeningZiekte_04_05;TRUE;numeric;100;NA;NA;^([0-3])?[0-9]\-([0-1])?[0-9]\-[1-2][0-9]{3}$;FALSE;: (%);Q1 = NA  | median = NA  | Q3 =  NA  | mean = NaN  | stdev = NA;
FunctiebeperkingAandoeningZiekte_04_06;FunctiebeperkingAandoeningZiekte_04_06;TRUE;numeric;99,91015274;1;1;NA;FALSE;1: (100%);Q1 = 1  | median = 1  | Q3 =  1  | mean = 1  | stdev = NA;
FunctiebeperkingAandoeningZiekte_04_07;FunctiebeperkingAandoeningZiekte_04_07;TRUE;numeric;99,82030548;2;3;NA;FALSE;2: (9e-02%) | 3: (1e+02%);Q1 = 2.25  | median = 2.5  | Q3 =  2.75  | mean = 2.5  | stdev = 0.707;
FunctiebeperkingAandoeningZiekte_04_08;FunctiebeperkingAandoeningZiekte_04_08;TRUE;numeric;100;NA;NA;^([0-3])?[0-9]\-([0-1])?[0-9]\-[1-2][0-9]{3}$;FALSE;: (%);Q1 = NA  | median = NA  | Q3 =  NA  | mean = NaN  | stdev = NA;
FunctiebeperkingAandoeningZiekte_04_09;FunctiebeperkingAandoeningZiekte_04_09;TRUE;numeric;96,94519317;1;3;NA;FALSE;1: ( 1.4%) | 2: ( 1.1%) | 3: (97.5%);Q1 = 1  | median = 2  | Q3 =  2  | mean = 1.71  | stdev = 0.76;
FunctiebeperkingAandoeningZiekte_04_10;FunctiebeperkingAandoeningZiekte_04_10;TRUE;numeric;100;NA;NA;^([0-3])?[0-9]\-([0-1])?[0-9]\-[1-2][0-9]{3}$;FALSE;: (%);Q1 = NA  | median = NA  | Q3 =  NA  | mean = NaN  | stdev = NA;
FunctiebeperkingAandoeningZiekte_04_30;FunctiebeperkingAandoeningZiekte_04_30;TRUE;numeric;100;NA;NA;^([0-3])?[0-9]\-([0-1])?[0-9]\-[1-2][0-9]{3}$;FALSE;: (%);Q1 = NA  | median = NA  | Q3 =  NA  | mean = NaN  | stdev = NA;
FunctiebeperkingAandoeningZiekte_04_11;FunctiebeperkingAandoeningZiekte_04_11;TRUE;numeric;100;NA;NA;^([0-3])?[0-9]\-([0-1])?[0-9]\-[1-2][0-9]{3}$;FALSE;: (%);Q1 = NA  | median = NA  | Q3 =  NA  | mean = NaN  | stdev = NA;
FunctiebeperkingAandoeningZiekte_04_12;FunctiebeperkingAandoeningZiekte_04_12;TRUE;numeric;100;NA;NA;^([0-3])?[0-9]\-([0-1])?[0-9]\-[1-2][0-9]{3}$;FALSE;: (%);Q1 = NA  | median = NA  | Q3 =  NA  | mean = NaN  | stdev = NA;
FunctiebeperkingAandoeningZiekte_04_13;FunctiebeperkingAandoeningZiekte_04_13;TRUE;numeric;99,91015274;2;2;NA;FALSE;2: (100%);Q1 = 2  | median = 2  | Q3 =  2  | mean = 2  | stdev = NA;
FunctiebeperkingAandoeningZiekte_04_14;FunctiebeperkingAandoeningZiekte_04_14;TRUE;numeric;99,91015274;2;2;NA;FALSE;2: (100%);Q1 = 2  | median = 2  | Q3 =  2  | mean = 2  | stdev = NA;
FunctiebeperkingAandoeningZiekte_04_15;FunctiebeperkingAandoeningZiekte_04_15;TRUE;numeric;100;NA;NA;^([0-3])?[0-9]\-([0-1])?[0-9]\-[1-2][0-9]{3}$;FALSE;: (%);Q1 = NA  | median = NA  | Q3 =  NA  | mean = NaN  | stdev = NA;
FunctiebeperkingAandoeningZiekte_04_16;FunctiebeperkingAandoeningZiekte_04_16;TRUE;numeric;100;NA;NA;^([0-3])?[0-9]\-([0-1])?[0-9]\-[1-2][0-9]{3}$;FALSE;: (%);Q1 = NA  | median = NA  | Q3 =  NA  | mean = NaN  | stdev = NA;
FunctiebeperkingAandoeningZiekte_04_17;FunctiebeperkingAandoeningZiekte_04_17;TRUE;numeric;100;NA;NA;^([0-3])?[0-9]\-([0-1])?[0-9]\-[1-2][0-9]{3}$;FALSE;: (%);Q1 = NA  | median = NA  | Q3 =  NA  | mean = NaN  | stdev = NA;
FunctiebeperkingAandoeningZiekte_04_18;FunctiebeperkingAandoeningZiekte_04_18;TRUE;numeric;99,91015274;2;2;NA;FALSE;2: (100%);Q1 = 2  | median = 2  | Q3 =  2  | mean = 2  | stdev = NA;
FunctiebeperkingAandoeningZiekte_04_19;FunctiebeperkingAandoeningZiekte_04_19;TRUE;numeric;100;NA;NA;^([0-3])?[0-9]\-([0-1])?[0-9]\-[1-2][0-9]{3}$;FALSE;: (%);Q1 = NA  | median = NA  | Q3 =  NA  | mean = NaN  | stdev = NA;
FunctiebeperkingAandoeningZiekte_04_20;FunctiebeperkingAandoeningZiekte_04_20;TRUE;numeric;100;NA;NA;^([0-3])?[0-9]\-([0-1])?[0-9]\-[1-2][0-9]{3}$;FALSE;: (%);Q1 = NA  | median = NA  | Q3 =  NA  | mean = NaN  | stdev = NA;
FunctiebeperkingAandoeningZiekte_04_21;FunctiebeperkingAandoeningZiekte_04_21;TRUE;numeric;98,56244385;1;3;NA;FALSE;2: ( 0.72%) | 3: ( 0.63%) | 1: (98.65%);Q1 = 2  | median = 2  | Q3 =  3  | mean = 2.38  | stdev = 0.619;
FunctiebeperkingAandoeningZiekte_04_22;FunctiebeperkingAandoeningZiekte_04_22;TRUE;numeric;100;NA;NA;^([0-3])?[0-9]\-([0-1])?[0-9]\-[1-2][0-9]{3}$;FALSE;: (%);Q1 = NA  | median = NA  | Q3 =  NA  | mean = NaN  | stdev = NA;
FunctiebeperkingAandoeningZiekte_04_23;FunctiebeperkingAandoeningZiekte_04_23;TRUE;numeric;100;NA;NA;^([0-3])?[0-9]\-([0-1])?[0-9]\-[1-2][0-9]{3}$;FALSE;: (%);Q1 = NA  | median = NA  | Q3 =  NA  | mean = NaN  | stdev = NA;
FunctiebeperkingAandoeningZiekte_04_24;FunctiebeperkingAandoeningZiekte_04_24;TRUE;numeric;100;NA;NA;^([0-3])?[0-9]\-([0-1])?[0-9]\-[1-2][0-9]{3}$;FALSE;: (%);Q1 = NA  | median = NA  | Q3 =  NA  | mean = NaN  | stdev = NA;
FunctiebeperkingAandoeningZiekte_04_25;FunctiebeperkingAandoeningZiekte_04_25;TRUE;numeric;100;NA;NA;^([0-3])?[0-9]\-([0-1])?[0-9]\-[1-2][0-9]{3}$;FALSE;: (%);Q1 = NA  | median = NA  | Q3 =  NA  | mean = NaN  | stdev = NA;
FunctiebeperkingAandoeningZiekte_04_26;FunctiebeperkingAandoeningZiekte_04_26;TRUE;numeric;100;NA;NA;^([0-3])?[0-9]\-([0-1])?[0-9]\-[1-2][0-9]{3}$;FALSE;: (%);Q1 = NA  | median = NA  | Q3 =  NA  | mean = NaN  | stdev = NA;
FunctiebeperkingAandoeningZiekte_04_27;FunctiebeperkingAandoeningZiekte_04_27;TRUE;numeric;99,5507637;1;3;NA;FALSE;2: (  0.27%) | 1: (  0.09%) | 3: ( 99.64%);Q1 = 2  | median = 2  | Q3 =  2  | mean = 2  | stdev = 0.707;
FunctiebeperkingAandoeningZiekte_04_28;FunctiebeperkingAandoeningZiekte_04_28;TRUE;numeric;99,91015274;3;3;NA;FALSE;3: (100%);Q1 = 3  | median = 3  | Q3 =  3  | mean = 3  | stdev = NA;
FunctiebeperkingAandoeningZiekte_04_29;FunctiebeperkingAandoeningZiekte_04_29;TRUE;numeric;99,82030548;1;1;NA;FALSE;1: (100%);Q1 = 1  | median = 1  | Q3 =  1  | mean = 1  | stdev = 0;
FunctiebeperkingAandoeningZiekte_05_01;FunctiebeperkingAandoeningZiekte_05_01;TRUE;numeric;99,46091644;2;4;NA;FALSE;3: (  0.36%) | 2: (  0.09%) | 4: ( 99.55%);Q1 = 3  | median = 3  | Q3 =  3  | mean = 3  | stdev = 0.632;
FunctiebeperkingAandoeningZiekte_05_02;FunctiebeperkingAandoeningZiekte_05_02;TRUE;numeric;100;NA;NA;^([0-3])?[0-9]\-([0-1])?[0-9]\-[1-2][0-9]{3}$;FALSE;: (%);Q1 = NA  | median = NA  | Q3 =  NA  | mean = NaN  | stdev = NA;
FunctiebeperkingAandoeningZiekte_05_03;FunctiebeperkingAandoeningZiekte_05_03;TRUE;numeric;99,91015274;2;2;NA;FALSE;2: (100%);Q1 = 2  | median = 2  | Q3 =  2  | mean = 2  | stdev = NA;
FunctiebeperkingAandoeningZiekte_05_04;FunctiebeperkingAandoeningZiekte_05_04;TRUE;numeric;100;NA;NA;^([0-3])?[0-9]\-([0-1])?[0-9]\-[1-2][0-9]{3}$;FALSE;: (%);Q1 = NA  | median = NA  | Q3 =  NA  | mean = NaN  | stdev = NA;
FunctiebeperkingAandoeningZiekte_05_05;FunctiebeperkingAandoeningZiekte_05_05;TRUE;numeric;100;NA;NA;^([0-3])?[0-9]\-([0-1])?[0-9]\-[1-2][0-9]{3}$;FALSE;: (%);Q1 = NA  | median = NA  | Q3 =  NA  | mean = NaN  | stdev = NA;
FunctiebeperkingAandoeningZiekte_05_06;FunctiebeperkingAandoeningZiekte_05_06;TRUE;numeric;99,91015274;4;4;NA;FALSE;4: (100%);Q1 = 4  | median = 4  | Q3 =  4  | mean = 4  | stdev = NA;
FunctiebeperkingAandoeningZiekte_05_07;FunctiebeperkingAandoeningZiekte_05_07;TRUE;numeric;99,91015274;3;3;NA;FALSE;3: (100%);Q1 = 3  | median = 3  | Q3 =  3  | mean = 3  | stdev = NA;
FunctiebeperkingAandoeningZiekte_05_08;FunctiebeperkingAandoeningZiekte_05_08;TRUE;numeric;100;NA;NA;^([0-3])?[0-9]\-([0-1])?[0-9]\-[1-2][0-9]{3}$;FALSE;: (%);Q1 = NA  | median = NA  | Q3 =  NA  | mean = NaN  | stdev = NA;
FunctiebeperkingAandoeningZiekte_05_09;FunctiebeperkingAandoeningZiekte_05_09;TRUE;numeric;97,48427673;3;5;NA;FALSE;4: ( 1.71%) | 3: ( 0.54%) | 5: (97.75%);Q1 = 4  | median = 4  | Q3 =  4  | mean = 3.89  | stdev = 0.567;
FunctiebeperkingAandoeningZiekte_05_10;FunctiebeperkingAandoeningZiekte_05_10;TRUE;numeric;100;NA;NA;^([0-3])?[0-9]\-([0-1])?[0-9]\-[1-2][0-9]{3}$;FALSE;: (%);Q1 = NA  | median = NA  | Q3 =  NA  | mean = NaN  | stdev = NA;
FunctiebeperkingAandoeningZiekte_05_30;FunctiebeperkingAandoeningZiekte_05_30;TRUE;numeric;100;NA;NA;^([0-3])?[0-9]\-([0-1])?[0-9]\-[1-2][0-9]{3}$;FALSE;: (%);Q1 = NA  | median = NA  | Q3 =  NA  | mean = NaN  | stdev = NA;
FunctiebeperkingAandoeningZiekte_05_11;FunctiebeperkingAandoeningZiekte_05_11;TRUE;numeric;100;NA;NA;^([0-3])?[0-9]\-([0-1])?[0-9]\-[1-2][0-9]{3}$;FALSE;: (%);Q1 = NA  | median = NA  | Q3 =  NA  | mean = NaN  | stdev = NA;
FunctiebeperkingAandoeningZiekte_05_12;FunctiebeperkingAandoeningZiekte_05_12;TRUE;numeric;100;NA;NA;^([0-3])?[0-9]\-([0-1])?[0-9]\-[1-2][0-9]{3}$;FALSE;: (%);Q1 = NA  | median = NA  | Q3 =  NA  | mean = NaN  | stdev = NA;
FunctiebeperkingAandoeningZiekte_05_13;FunctiebeperkingAandoeningZiekte_05_13;TRUE;numeric;99,91015274;3;3;NA;FALSE;3: (100%);Q1 = 3  | median = 3  | Q3 =  3  | mean = 3  | stdev = NA;
FunctiebeperkingAandoeningZiekte_05_14;FunctiebeperkingAandoeningZiekte_05_14;TRUE;numeric;99,91015274;4;4;NA;FALSE;4: (100%);Q1 = 4  | median = 4  | Q3 =  4  | mean = 4  | stdev = NA;
FunctiebeperkingAandoeningZiekte_05_15;FunctiebeperkingAandoeningZiekte_05_15;TRUE;numeric;100;NA;NA;^([0-3])?[0-9]\-([0-1])?[0-9]\-[1-2][0-9]{3}$;FALSE;: (%);Q1 = NA  | median = NA  | Q3 =  NA  | mean = NaN  | stdev = NA;
FunctiebeperkingAandoeningZiekte_05_16;FunctiebeperkingAandoeningZiekte_05_16;TRUE;numeric;100;NA;NA;^([0-3])?[0-9]\-([0-1])?[0-9]\-[1-2][0-9]{3}$;FALSE;: (%);Q1 = NA  | median = NA  | Q3 =  NA  | mean = NaN  | stdev = NA;
FunctiebeperkingAandoeningZiekte_05_17;FunctiebeperkingAandoeningZiekte_05_17;TRUE;numeric;100;NA;NA;^([0-3])?[0-9]\-([0-1])?[0-9]\-[1-2][0-9]{3}$;FALSE;: (%);Q1 = NA  | median = NA  | Q3 =  NA  | mean = NaN  | stdev = NA;
FunctiebeperkingAandoeningZiekte_05_18;FunctiebeperkingAandoeningZiekte_05_18;TRUE;numeric;99,91015274;4;4;NA;FALSE;4: (100%);Q1 = 4  | median = 4  | Q3 =  4  | mean = 4  | stdev = NA;
FunctiebeperkingAandoeningZiekte_05_19;FunctiebeperkingAandoeningZiekte_05_19;TRUE;numeric;100;NA;NA;^([0-3])?[0-9]\-([0-1])?[0-9]\-[1-2][0-9]{3}$;FALSE;: (%);Q1 = NA  | median = NA  | Q3 =  NA  | mean = NaN  | stdev = NA;
FunctiebeperkingAandoeningZiekte_05_20;FunctiebeperkingAandoeningZiekte_05_20;TRUE;numeric;100;NA;NA;^([0-3])?[0-9]\-([0-1])?[0-9]\-[1-2][0-9]{3}$;FALSE;: (%);Q1 = NA  | median = NA  | Q3 =  NA  | mean = NaN  | stdev = NA;
FunctiebeperkingAandoeningZiekte_05_21;FunctiebeperkingAandoeningZiekte_05_21;TRUE;numeric;99,19137466;2;5;NA;FALSE;4: ( 0.63%) | 2: ( 0.09%) | 5: (99.28%);Q1 = 4  | median = 4  | Q3 =  4  | mean = 3.89  | stdev = 0.782;
FunctiebeperkingAandoeningZiekte_05_22;FunctiebeperkingAandoeningZiekte_05_22;TRUE;numeric;100;NA;NA;^([0-3])?[0-9]\-([0-1])?[0-9]\-[1-2][0-9]{3}$;FALSE;: (%);Q1 = NA  | median = NA  | Q3 =  NA  | mean = NaN  | stdev = NA;
FunctiebeperkingAandoeningZiekte_05_23;FunctiebeperkingAandoeningZiekte_05_23;TRUE;numeric;100;NA;NA;^([0-3])?[0-9]\-([0-1])?[0-9]\-[1-2][0-9]{3}$;FALSE;: (%);Q1 = NA  | median = NA  | Q3 =  NA  | mean = NaN  | stdev = NA;
FunctiebeperkingAandoeningZiekte_05_24;FunctiebeperkingAandoeningZiekte_05_24;TRUE;numeric;100;NA;NA;^([0-3])?[0-9]\-([0-1])?[0-9]\-[1-2][0-9]{3}$;FALSE;: (%);Q1 = NA  | median = NA  | Q3 =  NA  | mean = NaN  | stdev = NA;
FunctiebeperkingAandoeningZiekte_05_25;FunctiebeperkingAandoeningZiekte_05_25;TRUE;numeric;100;NA;NA;^([0-3])?[0-9]\-([0-1])?[0-9]\-[1-2][0-9]{3}$;FALSE;: (%);Q1 = NA  | median = NA  | Q3 =  NA  | mean = NaN  | stdev = NA;
FunctiebeperkingAandoeningZiekte_05_26;FunctiebeperkingAandoeningZiekte_05_26;TRUE;numeric;100;NA;NA;^([0-3])?[0-9]\-([0-1])?[0-9]\-[1-2][0-9]{3}$;FALSE;: (%);Q1 = NA  | median = NA  | Q3 =  NA  | mean = NaN  | stdev = NA;
FunctiebeperkingAandoeningZiekte_05_27;FunctiebeperkingAandoeningZiekte_05_27;TRUE;numeric;99,64061096;3;5;NA;FALSE;4: (  0.18%) | 3: (  0.09%) | 5: ( 99.73%);Q1 = 3.75  | median = 4  | Q3 =  4.25  | mean = 4  | stdev = 0.816;
FunctiebeperkingAandoeningZiekte_05_28;FunctiebeperkingAandoeningZiekte_05_28;TRUE;numeric;100;NA;NA;^([0-3])?[0-9]\-([0-1])?[0-9]\-[1-2][0-9]{3}$;FALSE;: (%);Q1 = NA  | median = NA  | Q3 =  NA  | mean = NaN  | stdev = NA;
FunctiebeperkingAandoeningZiekte_05_29;FunctiebeperkingAandoeningZiekte_05_29;TRUE;numeric;99,82030548;2;4;NA;FALSE;2: (9e-02%) | 4: (1e+02%);Q1 = 2.5  | median = 3  | Q3 =  3.5  | mean = 3  | stdev = 1.41;
Label1;Label1;TRUE;subset;0;NA;NA;NA;FALSE;B1: (24.35%) | ACTA: (23.45%) | M: (20.13%) | B3: (15.72%) | Amsterdam University College: (10.69%) | Faculteit der Exacte Wetenschappen: ( 5.03%) | Fac. der Economische Wet. en Bedrijfsk.: ( 0.63%);NA;
Label2;Label2;TRUE;subset;0;NA;NA;NA;FALSE;: (54.99%) | Bachelor: (23.63%) | Master: (14.91%) | 1: ( 5.21%) | Postmaster: ( 1.08%) | Premaster: ( 0.18%);Q1 = 1  | median = 1  | Q3 =  1  | mean = 1  | stdev = 0;
Label3;Label3;TRUE;subset;0;NA;NA;NA;FALSE;: (100%);Q1 = NA  | median = NA  | Q3 =  NA  | mean = NaN  | stdev = NA;
Label4;Label4;TRUE;subset;0;NA;NA;NA;FALSE;: (61.3%) | Ma: (15.1%) | Ba1: (10.3%) | Ba3: ( 7.1%) | Ba2: ( 6.2%);Q1 = NA  | median = NA  | Q3 =  NA  | mean = NaN  | stdev = NA;
Label5;Label5;TRUE;subset;0;NA;NA;NA;FALSE;: (100%);Q1 = NA  | median = NA  | Q3 =  NA  | mean = NaN  | stdev = NA;
Label6;Label6;TRUE;subset;0;NA;NA;NA;FALSE;: (100%);Q1 = NA  | median = NA  | Q3 =  NA  | mean = NaN  | stdev = NA;
Label7;Label7;TRUE;character;0;NA;NA;NA;FALSE;: (61.28%) | 101381245: ( 0.09%) | 104760206: ( 0.09%) | 105280039: ( 0.09%) | 105693304: ( 0.09%) | 1071739: ( 0.09%) | 110453825: ( 0.09%) | 111805815: ( 0.09%) | 11204996: ( 0.09%) | 114985952: ( 0.09%) | Other: (37.92%);Q1 = 263186064  | median = 474688006  | Q3 =  719369432.5  | mean = 4.92e+08  | stdev = 2.57e+08;
Organisatieonderdeel;Organisatieonderdeel;TRUE;subset;0;NA;NA;NA;FALSE;ACTA_VU: (23.5%) | ACTA_UvA: (21.9%) | AUC_UvA: (15.8%) | Amsterdam University College_VU: (10.7%) | 55013_UvA: ( 6.6%) | 55012_UvA: ( 5.6%) | 65016_UvA: ( 5.3%) | Faculteit der Exacte Wetenschappen_VU: ( 5.0%) | 65012_UvA: ( 2.1%) | : ( 1.3%) | Other: ( 2.2%);NA;
